folio,pagoMontoEsperado,pagoMontoRecibido,montoFijadoPagado,montoEsperadoPagado,folio,precio,anticipo,semanal,total
9,6239.0,5030.120000000001,6239.0,6239.0,19,3999.0,799.0,302.22,6239.0
14,18146.39,3631.6,18146.39,5185.2,36,10999.0,0.0,518.52,18148.35
17,20349.08,2499.0,20349.08,3009.0,36,10999.0,2499.0,510.0,20349.08
18,14958.3,3130.83,14958.3,4522.31,44,8799.0,0.0,347.87,14958.3
23,5599.0,1759.0,5599.0,2079.0,16,3999.0,799.0,320.0,5599.0
26,13094.03,2626.3500000000004,13094.03,3452.76,44,6399.0,1249.0,275.47,13094.03
32,9348.300000000001,3261.0,9348.300000000001,3913.2000000000003,44,5499.0,0.0,217.4,9348.3
39,15013.35,3860.5499999999997,15013.35,4718.45,36,9099.0,0.0,428.95,15013.35
40,8073.96,1249.0,8073.96,1249.0,16,5799.0,1249.0,455.0,8073.96
41,14848.5,0.0,14848.5,0.0,16,9899.0,0.0,989.9,14848.5
42,7538.74,3366.71,7538.74,3526.99,44,3799.0,799.0,160.47,7699.02
43,8159.0199999999995,2339.44,8159.0199999999995,2339.44,44,3999.0,799.0,171.16,8159.02
46,7519.0,2911.0,7519.0,3295.0,36,3999.0,799.0,192.0,7519.0
48,6499.0,799.0,6499.0,6055.0,27,3799.0,799.0,219.0,6499.0
59,10659.02,2609.0,10659.02,2379.0,44,5299.0,999.0,230.0,10889.02
61,8028.92,7664.0,8028.92,8028.92,16,5799.0,1249.0,455.0,8073.96
64,14958.3,0.0,14958.3,1043.6100000000001,44,8799.0,0.0,347.87,14958.3
66,6239.0,799.0,6239.0,1705.66,19,3999.0,799.0,302.22,6239.0
69,9421.5,624.0,9421.5,2056.13,44,5799.0,624.0,204.59,9421.5
71,17598.4,0.0,17598.4,4061.16,27,10999.0,0.0,676.86,17598.4
72,10174.0,1249.0,10174.0,3034.0,36,5499.0,1249.0,255.0,10174.0
74,6879.0,799.0,6879.0,2202.1,27,3999.0,799.0,233.85,6879.0
76,4400.0,600.0,4400.0,2500.0,11,4400.0,600.0,380.0,4400.0
77,6879.0,799.0,6879.0,2202.1,27,3999.0,799.0,233.85,6879.0
80,9953.19,549.9,9953.19,3804.9300000000003,27,5499.0,549.9,361.67,9953.19
81,14558.400000000001,0.0,14558.400000000001,4479.52,27,9099.0,0.0,559.94,14558.4
89,7699.0,799.0,7699.0,3045.58,44,3799.0,799.0,160.47,7699.0
90,5599.0,799.0,5599.0,5599.0,16,3999.0,799.0,320.0,5599.0
91,10029.0,999.0,10029.0,4611.0,36,5299.0,999.0,258.0,10029.0
93,10794.0,1249.0,10794.0,4134.74,44,5399.0,1249.0,221.98,10794.0
96,6499.0,799.0,6499.0,3210.5299999999997,27,3799.0,799.0,219.23,6499.0
97,2220.0,200.0,2220.0,2220.0,13,2200.0,200.0,168.33,2220.0
100,6499.0,799.0,6499.0,3648.99,27,3799.0,799.0,219.23,6499.0
103,8373.5,1250.0,8373.5,8373.5,16,5999.0,1250.0,474.9,8373.5
104,5599.0,799.0,5599.0,5599.0,16,3999.0,799.0,320.0,5599.0
105,7699.0,799.0,7699.0,3206.05,44,3799.0,799.0,160.47,7699.0
109,7519.0,799.0,7519.0,3679.0,36,3999.0,799.0,192.0,7519.0
111,5899.0,799.0,5899.0,5615.61,19,3799.0,799.0,283.33,5899.0
113,10119.0,999.0,10119.0,6611.32,27,5799.0,999.0,350.77,10119.0
115,5299.0,799.0,5299.0,5299.0,16,3799.0,799.0,300.0,5299.0
116,6239.0,799.0,6239.0,5936.740000000001,19,3999.0,799.0,302.22,6239.0
123,7699.0,799.0,7699.0,3206.05,44,3799.0,799.0,160.47,7699.0
124,11499.0,999.0,11499.0,5499.0,36,5999.0,999.0,300.0,11499.0
125,5899.0,624.5,5899.0,4580.450000000001,21,5899.0,624.5,263.73,5899.0
126,16279.0,1999.0,16279.0,8119.0,36,8799.0,1999.0,408.0,16279.0
128,9123.75,1249.5,9123.75,9123.75,16,6499.0,1249.5,524.95,9123.75
130,5899.0,799.0,5899.0,5899.0,19,3799.0,799.0,283.33,5899.0
131,7519.0,799.0,7519.0,4255.0,36,3999.0,799.0,192.0,7519.0
132,7699.0,799.0,7699.0,3526.99,44,3799.0,799.0,160.47,7699.0
133,5299.0,799.0,5299.0,5299.0,16,3799.0,799.0,300.0,5299.0
140,5299.0,799.0,5299.0,5299.0,16,3799.0,799.0,300.0,5299.0
141,5668.7300000000005,399.5,5668.7300000000005,5668.7300000000005,19,3799.0,399.5,292.73,5668.73
142,10889.0,999.0,10889.0,6289.0,44,5299.0,999.0,230.0,10889.0
143,10029.0,999.0,10029.0,6933.0,36,5299.0,999.0,258.0,10029.0
145,5299.0,799.0,5299.0,5299.0,16,3799.0,799.0,300.0,5299.0
147,10889.0,999.0,10889.0,6519.0,44,5299.0,999.0,230.0,10889.0
148,5299.0,799.0,5299.0,5299.0,16,3799.0,799.0,300.0,5299.0
149,5299.0,799.0,5299.0,5299.0,16,3799.0,799.0,300.0,5299.0
150,6889.0,999.0,6889.0,5303.26,27,4099.0,999.0,226.54,6889.0
151,9099.0,1249.5,9099.0,9099.0,21,9099.0,1249.5,392.48,9099.0
154,7699.0,799.0,7699.0,4329.34,44,3799.0,799.0,160.47,7699.0
155,11014.0,1249.0,11014.0,7108.0,36,5899.0,1249.0,279.0,11014.0
156,10804.0,1249.0,10804.0,6982.0,36,5799.0,1249.0,273.0,10804.0
159,5649.0,999.0,5649.0,5649.0,16,4099.0,999.0,310.0,5649.0
162,5299.0,799.0,5299.0,5299.0,16,3799.0,799.0,300.0,5299.0
163,7699.0,799.0,7699.0,4650.28,44,3799.0,799.0,160.47,7699.0
164,7699.0,799.0,7699.0,4650.28,44,3799.0,799.0,160.47,7699.0
167,10174.0,1249.0,10174.0,7879.0,36,5499.0,1249.0,255.0,10174.0
168,11434.0,1249.0,11434.0,8815.0,36,6099.0,1249.0,291.0,11434.0
169,7449.0,999.0,7449.0,7449.0,16,5299.0,999.0,430.0,7449.0
170,8133.0,0.0,8133.0,1301.28,51,8133.0,0.0,162.66,8133.0
171,6099.0,624.5,6099.0,6099.0,21,6099.0,624.5,273.73,6099.0
172,10889.0,999.0,10889.0,6979.0,44,5299.0,999.0,230.0,10889.0
173,7449.0,999.0,7449.0,7449.0,16,5299.0,999.0,430.0,7449.0
174,5838.7,399.5,5838.7,5838.7,27,3799.0,399.5,209.2,5838.7
175,9169.0,999.0,9169.0,8540.52,27,5299.0,999.0,314.23,9169.0
176,7449.0,999.0,7449.0,7449.0,16,5299.0,999.0,430.0,7449.0
179,7449.0,999.0,7449.0,7449.0,16,5299.0,999.0,430.0,7449.0
180,7699.0,799.0,7699.0,5131.69,44,3799.0,799.0,160.47,7699.0
181,10889.0,999.0,10889.0,7209.0,44,5299.0,999.0,230.0,10889.0
182,8824.0,1249.0,8824.0,8824.0,16,6299.0,1249.0,505.0,8824.0
183,5299.0,799.0,5299.0,5299.0,16,3799.0,799.0,300.0,5299.0
184,6309.0,799.0,6309.0,6309.0,27,3699.0,799.0,211.92,6309.0
185,7099.0,799.0,7099.0,6019.0,36,3799.0,799.0,180.0,7099.0
186,10804.0,1249.0,10804.0,8620.0,36,5799.0,1249.0,273.0,10804.0
187,6499.0,799.0,6499.0,6499.0,27,3799.0,799.0,219.23,6499.0
188,7449.0,999.0,7449.0,7449.0,16,5299.0,999.0,430.0,7449.0
189,6499.0,799.0,6499.0,6499.0,27,3799.0,799.0,219.23,6499.0
191,6499.0,0.0,6499.0,6499.0,21,6499.0,0.0,324.95,6499.0
192,3700.0,400.0,3700.0,3700.0,21,3700.0,400.0,165.0,3700.0
193,5299.0,799.0,5299.0,5299.0,16,3799.0,799.0,300.0,5299.0
194,3799.0,399.5,3799.0,3799.0,21,3799.0,399.5,169.98,3799.0
195,5498.75,399.5,5498.75,5498.75,16,3799.0,399.5,339.95,5498.75
197,7699.0,799.0,7699.0,5773.57,44,3799.0,799.0,160.47,7699.0
198,5299.0,799.0,5299.0,5299.0,16,3799.0,799.0,300.0,5299.0
199,6178.650000000001,399.5,6178.650000000001,4565.900000000001,44,3799.0,399.5,134.4,6178.65
205,7099.0,799.0,7099.0,6199.0,36,3799.0,799.0,180.0,7099.0
207,8299.0,999.5,8299.0,8299.0,21,8299.0,999.5,364.98,8299.0
209,5498.75,399.5,5498.75,5498.75,16,3799.0,399.5,339.95,5498.75
212,12274.0,1249.0,12274.0,11644.0,36,6499.0,1249.0,315.0,12274.0
213,10889.0,999.0,10889.0,8589.0,44,5299.0,999.0,230.0,10889.0
214,10889.0,999.0,10889.0,8589.0,44,5299.0,999.0,230.0,10889.0
215,6599.0,624.5,6599.0,6599.0,21,6599.0,624.5,298.73,6599.0
216,7449.0,999.0,7449.0,7449.0,16,5299.0,999.0,430.0,7449.0
217,7099.0,799.0,7099.0,6559.0,36,3799.0,799.0,180.0,7099.0
219,7599.0,1000.0,7599.0,6831.86,44,7599.0,1000.0,153.47,7599.0
220,10889.0,999.0,10889.0,9509.0,44,5299.0,999.0,230.0,10889.0
221,13409.000000000002,999.0,13409.000000000002,11388.6,44,8299.0,999.0,288.6,13409.0
222,7099.0,799.0,7099.0,7099.0,36,3799.0,799.0,180.0,7099.0
223,9169.0,999.0,9169.0,9169.0,27,5299.0,999.0,314.23,9169.0
224,5299.0,999.0,5299.0,5299.0,21,5299.0,999.0,215.0,5299.0
228,6499.0,750.0,6499.0,6499.0,21,6499.0,750.0,287.45,6499.0
231,15229.0,2499.0,15229.0,15229.0,27,9199.0,2499.0,489.62,15229.0
233,9199.0,1249.0,9199.0,9199.0,21,9199.0,1249.0,397.5,9199.0
235,9169.0,999.0,9169.0,9169.0,27,5299.0,999.0,314.23,9169.0
238,10029.0,999.0,10029.0,9513.0,36,5299.0,999.0,258.0,10029.0
240,9100.55,0.0,9100.55,0.0,27,6499.0,0.0,350.02,9100.55
241,10534.84,1720.0,10534.84,1720.0,14,7699.0,1720.0,678.06,10534.84
242,5599.0,799.0,5599.0,3039.0,16,3999.0,799.0,320.0,5599.0
243,8159.0,799.0,8159.0,1654.8,44,3999.0,799.0,171.16,8159.0
244,7519.0,799.0,7519.0,1951.0,36,3999.0,799.0,192.0,7519.0
246,7519.0,799.0,7519.0,1951.0,36,3999.0,799.0,192.0,7519.0
247,10441.15,624.5,10441.15,1765.95,44,6399.0,624.5,228.29,10441.15
254,7099.0,799.0,7099.0,2419.0,36,3799.0,799.0,180.0,7099.0
255,5599.0,799.0,5599.0,3039.0,16,3999.0,799.0,320.0,5599.0
258,7519.0,799.0,7519.0,1759.0,36,3999.0,799.0,192.0,7519.0
261,8243.83,379.9,8243.83,1842.94,44,3799.0,379.9,182.88,8243.83
262,8677.83,399.9,8677.83,2132.49,44,3999.0,399.9,192.51,8677.83
265,11938.01,599.9,11938.01,3515.45,36,5999.0,599.9,323.95,11938.01
270,7560.01,379.9,7560.01,2226.25,36,3799.0,379.9,205.15,7560.01
273,13017.830000000002,599.9,13017.830000000002,3199.01,44,5999.0,599.9,288.79,13017.83
274,7828.55,539.9,7828.55,4913.09,16,5399.0,539.9,485.91,7828.55
279,7823.5,550.0,7823.5,4914.099999999999,16,5399.0,550.0,484.9,7823.5
280,16998.3,0.0,16998.3,3953.1,44,9999.0,0.0,395.31,16998.3
283,8729.699999999999,360.0,8729.699999999999,2111.7599999999998,44,3999.0,360.0,194.64,8729.7
286,19744.829999999998,909.9,19744.829999999998,4852.08,44,9099.0,909.9,438.02,19744.83
289,5299.0,799.0,5299.0,4399.0,16,3799.0,799.0,300.0,5299.0
290,9134.0,1249.0,9134.0,4888.24,27,5399.0,1249.0,303.27,9134.0
291,7099.0,799.0,7099.0,2959.0,36,3799.0,799.0,180.0,7099.0
293,7699.0,799.0,7699.0,2724.64,44,3799.0,799.0,160.47,7699.0
295,5299.0,799.0,5299.0,5299.0,16,3799.0,799.0,300.0,5299.0
296,7519.0,799.0,7519.0,3679.0,36,3999.0,799.0,192.0,7519.0
299,6008.67,399.5,6008.67,2963.66,36,3799.0,399.5,160.26,6008.67
300,5649.0,999.0,5649.0,5649.0,16,4099.0,999.0,310.0,5649.0
302,5299.0,799.0,5299.0,5299.0,16,3799.0,799.0,300.0,5299.0
303,10464.0,1249.0,10464.0,10464.0,27,6099.0,1249.0,354.42,10464.0
304,7449.0,999.0,7449.0,7449.0,16,5299.0,999.0,430.0,7449.0
305,12786.48,624.5,12786.48,9958.22,44,6499.0,624.5,282.84,12786.48
306,8499.0,500.0,8499.0,7754.780000000001,44,8499.0,500.0,186.02,8499.0
307,8309.0,999.0,8309.0,8309.0,19,5299.0,999.0,406.11,8309.0
309,10029.0,999.0,10029.0,9771.0,36,5299.0,999.0,258.0,10029.0
311,7449.0,999.0,7449.0,7449.0,16,5299.0,999.0,430.0,7449.0
312,5299.0,799.0,5299.0,5299.0,16,3799.0,799.0,300.0,5299.0
313,13044.0,999.0,13044.0,13044.0,36,8299.0,999.0,344.14,13044.0
314,6499.0,799.0,6499.0,6499.0,27,3799.0,799.0,219.23,6499.0
315,10099.0,1249.0,10099.0,10099.0,21,10099.0,1249.0,442.5,10099.0
319,10889.0,999.0,10889.0,9739.0,44,5299.0,999.0,230.0,10889.0
320,6499.0,799.0,6499.0,6499.0,27,3799.0,799.0,219.23,6499.0
321,18347.9,2600.0,18347.9,18347.9,36,10099.0,2600.0,449.94,18347.9
324,7204.000000000001,999.0,7204.000000000001,6915.3,44,8299.0,999.0,144.3,7204.0
325,5299.0,799.0,5299.0,5299.0,16,3799.0,799.0,300.0,5299.0
333,6499.0,799.0,6499.0,6499.0,27,3799.0,799.0,219.23,6499.0
334,5299.0,799.0,5299.0,5299.0,16,3799.0,799.0,300.0,5299.0
343,10259.0,499.0,10259.0,10259.0,27,6599.0,499.0,375.38,10259.0
348,13743.300000000001,1250.0,13743.300000000001,13743.300000000001,44,8599.0,1250.0,290.54,13743.3
349,9348.5,500.0,9348.5,9348.5,16,6399.0,500.0,589.9,9348.5
353,9738.1,1000.0,9738.1,9738.1,27,5599.0,1000.0,336.08,9738.1
354,6999.0,1000.0,6999.0,6999.0,21,6999.0,1000.0,299.95,6999.0
355,7699.0,1000.0,7699.0,7699.0,21,7699.0,1000.0,334.95,7699.0
356,10808.1,1500.0,10808.1,10808.1,27,6399.0,1500.0,358.0,10808.1
361,33600.0,4800.0,33600.0,33600.0,16,24000.0,4800.0,1920.0,33600.0
362,7199.0,500.0,7199.0,7199.0,21,7199.0,500.0,334.95,7199.0
364,6500.0,0.0,6500.0,6500.0,44,6500.0,0.0,151.16,6500.0
365,9549.0,2499.0,9549.0,9549.0,16,7199.0,2499.0,470.0,9549.0
368,10119.0,999.0,10119.0,10119.0,27,5799.0,999.0,350.77,10119.0
369,10692.9,1350.0,10692.9,10692.9,36,5799.0,1350.0,266.94,10692.9
372,7849.0,499.0,7849.0,7849.0,36,3999.0,499.0,210.0,7849.0
375,11889.0,499.0,11889.0,11889.0,44,7199.0,499.0,264.88,11889.0
378,5599.0,799.0,5599.0,5599.0,16,3999.0,799.0,320.0,5599.0
379,9339.0,1499.0,9339.0,9339.0,27,6399.0,1499.0,301.54,9339.0
380,10404.0,999.0,10404.0,10404.0,36,6699.0,999.0,268.71,10404.0
382,9648.300000000001,300.0,9648.300000000001,9648.300000000001,44,5799.0,300.0,217.4,9648.3
383,6599.0,0.0,6599.0,6599.0,21,6599.0,0.0,329.95,6599.0
384,6274.0,499.0,6274.0,6274.0,36,3999.0,499.0,165.0,6274.0
385,10904.0,1499.0,10904.0,10904.0,36,7199.0,1499.0,268.71,10904.0
386,44850.0,6000.0,44850.0,44850.0,36,24500.0,6000.0,1110.0,44850.0
389,7949.0,1499.0,7949.0,7949.0,16,5799.0,1499.0,430.0,7949.0
390,9799.0,1999.0,9799.0,9799.0,16,7199.0,1999.0,520.0,9799.0
392,5599.0,799.0,5599.0,5599.0,16,3999.0,799.0,320.0,5599.0
394,6449.0,499.0,6449.0,6449.0,44,3999.0,499.0,138.37,6449.0
395,6879.0,799.0,6879.0,6879.0,27,3999.0,799.0,233.85,6879.0
396,10904.0,1499.0,10904.0,10904.0,36,7199.0,1499.0,268.71,10904.0
397,6700.0,810.0,6700.0,6700.0,21,6700.0,810.0,294.5,6700.0
399,10619.0,1499.0,10619.0,10619.0,27,7199.0,1499.0,350.77,10619.0
400,7298.5,1000.0,7298.5,7298.5,16,5199.0,1000.0,419.9,7298.5
401,9299.0,0.0,9299.0,9299.0,21,9299.0,0.0,464.95,9299.0
403,12019.0,999.0,12019.0,12019.0,43,6799.0,999.0,262.38,12019.0
404,11869.0,1499.0,11869.0,11869.0,27,7599.0,1499.0,398.85,11869.0
405,8698.5,1500.0,8698.5,8698.5,16,6299.0,1500.0,479.9,8698.5
406,10344.0,1249.0,10344.0,10344.0,27,6599.0,1249.0,349.81,10344.0
407,6000.0,1000.0,6000.0,6000.0,21,6000.0,1000.0,250.0,6000.0
408,2500.0,0.0,2500.0,2500.0,11,2500.0,0.0,250.0,2500.0
409,8649.0,999.0,8649.0,8649.0,27,5499.0,999.0,294.23,8649.0
414,7200.0,1800.0,7200.0,7200.0,21,7200.0,1800.0,270.0,7200.0
417,3999.0,749.0,3999.0,3999.0,21,3999.0,749.0,162.5,3999.0
418,11499.0,2499.0,11499.0,11499.0,16,8499.0,2499.0,600.0,11499.0
419,8999.0,499.0,8999.0,8999.0,27,5499.0,499.0,326.92,8999.0
420,10498.5,0.0,10498.5,10498.5,36,6999.0,0.0,299.96,10498.5
421,15299.0,1999.0,15299.0,15299.0,44,8999.0,1999.0,309.3,15299.0
422,9399.0,999.0,9399.0,9399.0,16,6599.0,999.0,560.0,9399.0
423,9399.0,999.0,9399.0,9399.0,16,6599.0,999.0,560.0,9399.0
424,8984.0,1249.0,8984.0,8984.0,27,5799.0,1249.0,297.5,8984.0
425,14214.859999999999,1500.0,14214.859999999999,14214.859999999999,27,8799.0,1500.0,489.03,14214.86
426,9100.22,0.0,9100.22,9100.22,27,7699.0,0.0,350.01,9100.22
427,12791.99,0.0,12791.99,0.0,27,8799.0,0.0,492.01,12791.99
430,7697.71,2565.48,7697.71,2724.64,44,3799.0,799.0,160.47,7699.02
431,7698.87,2403.85,7698.87,2564.17,44,3799.0,799.0,160.47,7699.02
443,7099.03,2239.0,7099.03,2239.0,36,3799.0,799.0,180.0,7099.03
444,7099.03,1159.0,7099.03,1159.0,36,3799.0,799.0,180.0,7099.03
445,9278.4,3211.7400000000002,9278.4,3211.7400000000002,27,5799.0,0.0,356.86,9278.4
458,4299.0,999.0,4299.0,1164.0,21,4299.0,999.0,165.0,4299.0
460,11919.0,999.0,11919.0,1311.0,36,6199.0,999.0,312.0,11919.0
461,8398.699999999999,1000.0,8398.699999999999,3219.7,21,8399.0,1000.0,369.95,8399.0
462,5599.0,799.0,5599.0,1119.0,16,3999.0,799.0,320.0,5599.0
463,5599.0,799.0,5599.0,3679.0,16,3999.0,799.0,320.0,5599.0
464,11716.59,1249.0,11716.59,2952.59,44,5799.0,1249.0,243.37,11714.0
465,9748.5,1200.0,9748.5,2339.8,16,6899.0,1200.0,569.9,9748.5
466,5598.0,800.0,5598.0,2399.5,16,3999.0,800.0,319.9,5598.5
467,8255.16,250.0,8255.16,3910.96,36,4699.0,250.0,228.81,8258.2
468,8255.16,250.0,8255.16,3910.96,36,4699.0,250.0,228.81,8258.2
469,10500.0,0.0,10500.0,2625.0,21,10500.0,0.0,525.0,10500.0
470,5599.0,799.0,5599.0,2079.0,16,3999.0,799.0,320.0,5599.0
472,7421.0,499.0,7421.0,1291.0,36,3799.0,499.0,198.0,7429.0
473,7423.0,499.0,7423.0,1093.0,36,3799.0,499.0,198.0,7429.0
474,7198.8,1000.0,7198.8,2239.8,21,7199.0,1000.0,309.95,7199.0
475,12364.56,748.0,12364.56,4259.56,44,5799.0,748.0,270.12,12363.0
476,10656.2,999.0,10656.2,3020.85,44,5199.0,999.0,224.65,10659.0
477,6884.95,799.0,6884.95,2435.95,27,3999.0,799.0,233.85,6879.0
478,14608.4,1499.0,14608.4,3938.04,44,7199.0,1499.0,304.88,14609.0
479,5599.0,799.0,5599.0,3359.0,16,3999.0,799.0,320.0,5599.0
480,6814.4,799.0,6814.4,1734.4,27,3999.0,799.0,233.85,6879.0
481,8146.4,799.0,8146.4,3366.4,44,3999.0,799.0,171.16,8159.0
482,13499.86,568.0,13499.86,7796.5599999999995,44,6199.0,568.0,301.19,13519.3
484,9511.01,1250.0,9511.01,5063.72,27,5599.0,1250.0,317.81,9513.1
487,7519.0,799.0,7519.0,2527.0,36,3999.0,799.0,192.0,7519.0
489,6604.0,499.0,6604.0,1720.01,36,4199.0,499.0,174.43,6604.0
490,7007.55,1500.0,7007.55,3974.5499999999997,21,6999.0,1500.0,274.95,6999.0
491,10848.1,499.0,10848.1,1221.1,44,4999.0,499.0,240.7,10849.0
492,10848.1,499.0,10848.1,1221.1,44,4999.0,499.0,240.7,10849.0
493,8577.699999999999,1300.0,8577.699999999999,5219.2,16,6199.0,1300.0,489.9,8648.5
495,6999.0,1000.0,6999.0,4299.45,21,6999.0,1000.0,299.95,6999.0
496,5748.0,500.0,5748.0,2249.5,16,3999.0,500.0,349.9,5748.5
497,7519.0,799.0,7519.0,1183.0,36,3999.0,799.0,192.0,7519.0
499,9708.14,799.0,9708.14,1308.1399999999999,36,6199.0,799.0,254.57,9709.0
500,7999.0,1499.0,7999.0,3124.0,21,7999.0,1499.0,325.0,7999.0
501,9848.1,1300.0,9848.1,1300.0,27,5799.0,1300.0,328.77,9848.1
503,13044.0,999.0,13044.0,999.0,44,8299.0,999.0,280.12,13044.0
504,13326.43,1249.0,13326.43,2091.43,44,6499.0,1249.0,280.81,13324.0
505,10889.0,999.0,10889.0,1229.0,44,5299.0,999.0,230.0,10889.0
506,13348.210000000001,1249.0,13348.210000000001,13348.210000000001,44,6499.0,1249.0,280.81,13324.0
507,6999.9,750.0,6999.9,1374.9,21,6999.0,750.0,312.45,6999.0
509,12632.849999999999,1249.0,12632.849999999999,2572.85,44,6199.0,1249.0,264.77,12634.0
511,7699.0,799.0,7699.0,3847.93,44,3799.0,799.0,160.47,7699.0
513,11644.0,1249.0,11644.0,6298.0,36,6199.0,1249.0,297.0,11644.0
515,10889.0,999.0,10889.0,999.0,44,5299.0,999.0,230.0,10889.0
517,12678.23,999.0,12678.23,1448.23,27,8299.0,999.0,449.23,12679.0
518,18418.99,999.0,18418.99,3009.0,27,8299.0,999.0,670.0,18418.99
522,6862.849999999999,1750.55,6862.849999999999,1734.4,27,3999.0,799.0,233.85,6879.0
527,12064.0,4957.0,12064.0,9283.0,36,6399.0,1249.0,309.0,12064.0
528,11036.45,6894.25,11036.45,10281.400000000001,27,6399.0,1249.0,376.35,11034.0
529,6878.25,1266.85,6878.25,2202.1,27,3999.0,799.0,233.85,6879.0
530,17744.27,3550.24,17744.27,5012.16,36,10999.0,600.0,490.24,17758.35
531,10796.86,3488.32,10796.86,9660.210000000001,44,5499.0,1249.0,227.33,11024.0
532,6279.75,3464.38,6279.75,5841.29,27,3799.0,799.0,219.23,6499.0
533,13885.880000000001,947.95,13885.880000000001,1256.0,44,6399.0,639.9,308.05,13885.83
534,11205.9,4706.0,11205.9,11205.9,27,6499.0,1250.0,384.0,11223.1
535,15639.0,6679.0,15639.0,9019.0,36,8499.0,1999.0,390.0,15649.0
536,7713.57,2099.0,7713.57,7713.57,44,3799.0,799.0,160.0,7699.0
537,6098.5,759.45,6098.5,2559.2,16,3999.0,399.5,359.95,5798.75
539,8205.31,2379.81,8205.31,4016.1,44,3799.0,379.9,181.81,8197.83
540,8673.42,2328.43,8673.42,4057.5899999999997,44,3999.0,399.9,192.51,8677.83
541,10889.0,2839.0,10889.0,10889.0,44,5299.0,999.0,230.0,10889.0
542,11289.0,4233.0,11289.0,9525.0,36,5899.0,999.0,294.0,11289.0
543,10032.0,999.0,10032.0,2547.0,36,5299.0,999.0,258.0,10029.0
544,9578.93,3337.74,9578.93,7923.05,44,5899.0,624.5,208.53,9591.15
545,8229.57,2591.58,8229.57,3854.62,44,3799.0,379.9,182.88,8243.83
546,7009.0,1897.0,7009.0,2779.0,36,3799.0,799.0,180.0,7099.0
547,5599.0,1119.0,5599.0,1119.0,16,3999.0,799.0,320.0,5599.0
548,5298.97,3199.0,5298.97,3199.0,16,3799.0,799.0,300.0,5298.97
550,11497.24,3399.64,11497.24,6398.92,36,5999.0,1000.0,299.94,11497.9
551,14770.9,4706.3,14770.9,12563.800000000001,44,9199.0,1249.0,314.3,14764.0
552,8670.91,785.41,8670.91,2132.49,44,3999.0,399.9,192.51,8677.83
553,7736.32,1393.8,7736.32,2011.8799999999999,51,7738.0,0.0,154.76,7738.0
554,7701.82,1279.0,7701.82,2241.82,44,3799.0,799.0,160.0,7699.0
555,13028.410000000002,3199.01,13028.410000000002,5798.120000000001,44,5999.0,599.9,288.79,13017.83
556,13809.15,5114.25,13809.15,13809.15,27,9099.0,1249.5,483.05,13808.7
557,6500.61,799.0,6500.61,2552.84,27,3799.0,799.0,219.23,6499.0
558,6597.870000000001,2074.2000000000003,6597.870000000001,2073.7200000000003,36,3999.0,0.0,188.52,6598.35
559,5898.75,589.95,5898.75,4719.2,21,5899.0,0.0,294.95,5899.0
560,9099.0,4094.5499999999997,9099.0,7734.15,21,9099.0,0.0,454.95,9099.0
561,8209.0,2929.0,8209.0,8209.0,16,5799.0,999.0,480.0,8199.0
562,13882.03,639.9,13882.03,2180.15,44,6399.0,639.9,308.05,13885.83
563,18588.56,8117.04,18588.56,14480.44,44,9499.0,2499.0,374.42,18599.0
564,11213.0,4965.0,11213.0,8374.0,36,5999.0,1249.0,285.0,11224.0
565,13015.410000000002,1757.48,13015.410000000002,4354.17,44,5999.0,599.9,288.79,13017.83
566,10889.02,3299.0,10889.02,3299.0,44,5299.0,999.0,230.0,10889.02
567,5299.0,2899.0,5299.0,3499.0,16,3799.0,799.0,300.0,5299.0
568,5686.95,2578.36,5686.95,5686.95,19,3799.0,799.0,283.33,5899.0
569,8229.6,4540.05,8229.6,8229.6,21,8199.0,0.0,409.95,8199.0
570,7099.0,2959.0,7099.0,7099.0,36,3799.0,799.0,180.0,7099.0
571,13015.730000000001,4067.27,13015.730000000001,6953.280000000001,44,5999.0,599.9,288.79,13017.83
572,6999.0,2599.0,6999.0,6999.0,16,4999.0,999.0,400.0,6999.0
575,5838.7,1236.3,5838.7,2073.1,27,3799.0,399.5,209.2,5838.7
576,6875.84,2379.2,6875.84,4377.66,27,3799.0,379.9,249.86,6876.19
577,8978.75,4859.55,8978.75,8978.75,16,6399.0,1249.0,514.9,8972.45
578,15498.88,6150.16,15498.88,14969.25,27,9099.0,2000.0,518.77,15488.1
579,9250.27,1394.52,9250.27,9250.27,27,5299.0,999.0,314.23,9169.0
580,5160.37,2057.42,5160.37,5160.37,21,5399.0,624.5,238.73,5399.0
581,7699.88,2243.76,7699.88,5613.1,44,3799.0,799.0,160.47,7699.0
582,13311.410000000002,4058.2400000000002,13311.410000000002,7988.460000000001,44,6499.0,1249.5,280.79,13323.35
583,11901.150000000001,1878.7800000000002,11901.150000000001,4520.700000000001,44,5499.0,549.9,264.72,11932.83
584,12173.02,4298.7699999999995,12173.02,6584.47,44,5999.0,1249.0,254.07,12174.03
585,11429.05,5032.0,11429.05,6778.0,36,6099.0,1249.0,291.0,11434.05
586,10944.37,3522.3,10944.37,10944.37,44,5499.0,1249.0,227.33,11024.0
587,6996.02,2858.0,6996.02,4768.25,21,6999.0,624.5,318.75,6999.5
588,10889.0,3529.0,10889.0,10889.0,44,5299.0,999.0,230.0,10889.0
589,29686.9,8289.77,29686.9,29686.9,44,29680.0,0.0,690.23,29680.0
590,14782.759999999998,2456.76,14782.759999999998,14782.759999999998,44,9499.0,1499.0,316.28,15099.0
591,7022.419999999999,2294.44,7022.419999999999,3106.12,44,7029.7,0.0,163.48,7029.7
592,42229.049999999996,6890.0,42229.049999999996,10585.599999999999,81,42342.0,0.0,529.28,42342.0
593,7699.0199999999995,2403.7,7699.0199999999995,2724.64,44,3799.0,799.0,160.47,7699.02
594,17813.34,5952.65,17813.34,9899.15,44,8199.0,819.9,394.75,17793.94
595,7538.74,2898.5299999999997,7538.74,7217.8,44,3799.0,799.0,160.47,7699.0
596,10984.61,3750.63,10984.61,10984.61,44,5499.0,1250.0,227.33,11025.0
597,7661.69,1761.82,7661.69,7661.69,44,3799.0,799.0,160.47,7699.0
598,9588.44,3695.85,9588.44,6645.06,27,5999.0,0.0,369.17,9598.4
599,7985.03,3431.88,7985.03,5814.15,36,3999.0,399.9,216.57,7979.9
600,6827.75,3456.35,6827.75,6827.75,27,4099.0,799.0,241.15,7069.0
601,13335.619999999999,4057.6,13335.619999999999,9392.039999999999,44,6499.0,1250.0,280.76,13322.7
602,7099.0,799.0,7099.0,7099.0,36,3799.0,799.0,180.0,7099.0
603,11292.23,4097.34,11292.23,9306.6,44,6899.0,624.5,248.06,11291.15
604,6498.23,3868.99,6498.23,5402.83,27,3799.0,799.0,219.23,6499.0
605,5599.0,4319.0,5599.0,5599.0,16,3999.0,799.0,320.0,5599.0
606,5200.099999999999,1841.5,5200.099999999999,5200.099999999999,16,3799.0,1000.0,279.9,5198.5
607,15930.29,7825.8,15930.29,13611.300000000001,27,8799.0,879.9,578.7,15926.19
609,10016.57,1159.87,10016.57,3432.06,44,5999.0,250.0,227.29,10023.67
610,8215.43,2944.34,8215.43,4762.4400000000005,44,3799.0,399.0,181.81,8216.95
611,5598.94,3999.0,5598.94,5598.94,16,3999.0,799.0,320.0,5598.97
612,6877.65,4074.25,6877.65,5242.15,27,3999.0,799.0,233.85,6879.0
613,6300.0,720.0,6300.0,3420.0,36,3799.0,0.0,180.0,6300.0
614,7519.03,991.0,7519.03,1183.0,36,3999.0,799.0,192.0,7519.03
615,16848.34,7849.26,16848.34,14448.84,27,10999.0,1249.5,599.97,16848.7
617,10839.5,5471.0599999999995,10839.5,10072.34,27,6499.0,1250.0,383.58,11223.1
618,14188.52,3906.56,14188.52,9618.86,36,8938.0,860.0,380.82,14188.7
619,6278.09,273.02,6278.09,6278.09,44,6299.0,0.0,146.49,6299.0
620,8682.439999999999,977.43,8682.439999999999,2710.02,44,3999.0,399.9,192.51,8677.85
621,7561.24,2841.7,7561.24,4893.2,36,3799.0,379.9,205.15,7560.04
622,5499.94,1760.0,5499.94,5499.94,16,3799.0,400.0,340.0,5499.97
623,15200.5,0.0,15200.5,15200.5,27,10499.0,0.0,584.62,15200.0
624,13300.6,499.0,13300.6,13300.6,27,8500.0,499.0,492.37,13300.6
625,11351.13,3646.7,11351.13,4850.2,44,5499.0,999.0,240.7,11349.03
626,11351.83,3646.7,11351.83,4850.2,44,5499.0,999.0,240.7,11349.03
627,6452.599999999999,1614.92,6452.599999999999,6452.599999999999,44,3799.0,800.0,134.38,6578.3
628,8240.64,1846.0,8240.64,3489.92,44,3799.0,380.0,183.0,8243.72
629,7693.24,1923.35,7693.24,5131.69,44,3799.0,799.0,160.47,7699.0
630,18023.8,4170.04,18023.8,18023.8,44,8699.0,1499.0,385.12,18059.0
632,6462.83,1899.0,6462.83,6462.83,27,3799.0,799.0,219.23,6499.0
633,5599.0,3359.0,5599.0,4639.0,16,3999.0,799.0,320.0,5599.0
634,5299.0,3199.0,5299.0,4699.0,16,3799.0,799.0,300.0,5299.0
635,7705.58,2403.7,7705.58,5773.57,44,3799.0,799.0,160.47,7699.0
636,12793.03,2676.96,12793.03,5651.36,44,7523.5,0.0,297.44,12789.95
637,5598.94,3999.0,5598.94,5598.94,16,3999.0,799.0,320.0,5598.97
638,10239.0,2847.0,10239.0,6807.0,36,5399.0,999.0,264.0,10239.0
639,7699.0,2403.7,7699.0,4971.22,44,3799.0,799.0,160.47,7699.0
641,8669.0,1749.0,8669.0,5704.0,16,6199.0,1249.0,495.0,8674.0
642,11008.63,2541.27,11008.63,7023.81,44,6599.0,300.0,249.03,11008.3
643,7708.87,1761.82,7708.87,5292.16,44,3799.0,799.0,160.47,7699.0
644,9596.57,3126.86,9596.57,7505.99,44,5899.0,624.5,208.53,9591.15
645,7099.0,1159.0,7099.0,5659.0,36,3799.0,799.0,180.0,7099.0
646,7685.75,1765.0,7685.75,5131.69,44,3799.0,799.0,160.47,7699.0
647,8909.26,2317.3399999999997,8909.26,8909.26,44,8910.0,1248.1,178.16,8909.1
648,7699.0199999999995,2243.23,7699.0199999999995,2243.23,44,3799.0,799.0,160.47,7699.02
649,7711.22,1922.29,7711.22,6415.45,44,3799.0,799.0,160.47,7699.0
650,5299.0,2299.0,5299.0,5299.0,16,3799.0,799.0,300.0,5299.0
651,9810.800000000001,2728.8,9810.800000000001,8186.400000000001,44,9778.0,0.0,227.4,9778.0
652,7519.0,991.0,7519.0,4063.0,36,3999.0,799.0,192.0,7519.0
653,7966.83,4019.63,7966.83,7966.83,16,5499.0,549.9,494.91,7973.5
654,7772.299999999999,1684.9,7772.299999999999,7338.599999999999,16,5599.0,1250.0,434.9,7773.5
655,6500.38,1019.63,6500.38,6500.38,27,3799.0,799.0,219.23,6499.0
657,13597.42,1570.04,13597.42,1569.06,27,8499.0,0.0,523.02,13598.4
659,7077.0,1159.0,7077.0,2779.0,36,3799.0,799.0,180.0,7099.0
660,7579.23,1409.65,7579.23,2025.9,36,3799.0,379.9,205.75,7580.98
663,5299.0,799.0,5299.0,1399.0,16,3799.0,799.0,300.0,5299.0
664,7699.0199999999995,2403.7,7699.0199999999995,2403.7,44,3799.0,799.0,160.47,7699.02
665,6000.0,1500.0,6000.0,4000.0,25,6000.0,0.0,250.0,6000.0
669,14983.25,1393.8,14983.25,1393.8,44,8299.0,0.0,348.45,14983.25
670,7899.0,4649.0,7899.0,4574.0,16,5999.0,1249.0,475.0,7499.0
671,5843.17,399.0,5843.17,5629.75,27,3799.0,399.0,209.23,5839.0
672,8459.01,1249.0,8459.01,1249.0,16,5899.0,1249.0,515.0,8224.0
673,5299.0,1999.0,5299.0,4699.0,16,3799.0,799.0,300.0,5299.0
675,12583.87,1975.7,12583.87,2254.86,44,5799.0,579.9,279.16,12583.86
677,8159.0199999999995,799.0,8159.0199999999995,799.0,44,3999.0,799.0,171.16,8159.02
680,13693.35,2738.6800000000003,13693.35,2738.6800000000003,36,8299.0,0.0,391.24,13693.35
683,5566.26,1065.59,5566.26,795.1800000000001,44,5699.0,0.0,132.53,5699.0
688,8159.0199999999995,2168.2799999999997,8159.0199999999995,2168.2799999999997,44,3999.0,799.0,171.16,8159.02
694,7498.5,0.0,7498.5,0.0,16,4999.0,0.0,499.9,7498.5
695,5508.07,380.0,5508.07,1747.6,16,3799.0,380.0,341.9,5508.47
697,5599.0,3359.0,5599.0,3359.0,16,3999.0,799.0,320.0,5599.0
698,6399.0,1833.11,6399.0,1833.11,44,6399.0,624.5,134.29,6399.0
702,10889.0,2609.0,10889.0,10889.0,44,5299.0,999.0,230.0,10889.0
703,10182.88,500.0,10182.88,496.88,42,5999.0,0.0,248.44,10186.0
704,5599.0,2719.0,5599.0,2719.0,16,3999.0,799.0,320.0,5599.0
707,9299.0,1513.82,9299.0,1513.82,44,9299.0,0.0,216.26,9299.0
708,6299.0,0.0,6299.0,0.0,21,6299.0,0.0,314.95,6299.0
711,13693.35,2347.44,13693.35,2347.44,36,8299.0,0.0,391.24,13693.35
712,6099.0,2099.0,6099.0,2599.0,21,6099.0,1099.0,250.0,6099.0
713,15297.84,2135.08,15297.84,2134.62,44,8999.0,0.0,355.77,15298.3
714,9299.0,865.04,9299.0,865.04,44,9299.0,0.0,216.26,9299.0
716,8248.5,549.9,8248.5,549.9,16,5499.0,0.0,549.9,8248.5
717,0.43,0.0,0.43,0.43,44,0.43,0.0,0.01,0.43
720,13693.35,2347.44,13693.35,2347.44,36,8299.0,0.0,391.24,13693.35
722,15631.74,700.0,15631.74,15631.74,44,7199.0,700.0,347.62,15647.7
723,14108.300000000001,328.1,14108.300000000001,328.1,44,8299.0,0.0,328.1,14108.3
724,10889.02,1919.0,10889.02,1919.0,44,5299.0,999.0,230.0,10889.02
727,9348.300000000001,869.6,9348.300000000001,869.6,44,5499.0,0.0,217.4,9348.3
730,13198.5,879.9,13198.5,879.9,16,8799.0,0.0,879.9,13198.5
732,10999.0,767.37,10999.0,767.37,44,10999.0,0.0,255.79,10999.0
733,9854.6,1690.5500000000002,9854.6,8442.2,27,6399.0,624.5,355.35,9863.7
734,11024.0,2158.32,11024.0,2158.32,44,5499.0,1249.0,227.33,11024.0
740,9598.3,1280.0,9598.3,1279.8,16,6399.0,0.0,639.9,9598.5
746,12385.55,317.58,12385.55,317.58,40,5999.0,0.0,317.58,12385.55
747,15298.07,356.0,15298.07,355.77,44,8999.0,0.0,355.77,15298.3
748,5599.0,799.0,5599.0,799.0,16,3999.0,799.0,320.0,5599.0
749,6999.0,1516.44,6999.0,1516.44,44,6999.0,1249.0,133.72,6999.0
751,15298.3,355.77,15298.3,355.77,44,8999.0,0.0,355.77,15298.3
752,14108.300000000001,328.1,14108.300000000001,328.1,44,8299.0,0.0,328.1,14108.3
753,10029.04,999.0,10029.04,999.0,36,5299.0,999.0,258.0,10029.04
762,7448.96,1429.0,7448.96,1429.0,16,5299.0,999.0,430.0,7448.96
763,9499.0,0.0,9499.0,0.0,44,9499.0,0.0,220.91,9499.0
764,8999.0,0.0,8999.0,0.0,44,8999.0,0.0,209.28,8999.0
766,14248.5,949.9,14248.5,949.9,16,9499.0,0.0,949.9,14248.5
767,10268.7,749.5,10268.7,749.5,27,6699.0,749.5,366.12,10268.7
769,16148.300000000001,0.0,16148.300000000001,0.0,44,9499.0,0.0,375.54,16148.3
772,6879.0,799.0,6879.0,799.0,27,3999.0,799.0,233.85,6879.0
