folio,plan,plazos,precio,anticipo,semanal,total,pagado,pagoMontoFijado,pagoMontoCorriente,pagoMontoRecibido
9,nuevo,18,3999.0,799.0,302.22,6239.0,19,6239.0,6239.0,5030.120000000001
14,renovacion,35,10999.0,0.0,518.52,18148.35,11,18146.39,5185.2,3631.6
17,nuevo,35,10999.0,2499.0,510.0,20349.08,2,20349.08,3009.0,2499.0
18,renovacion,43,8799.0,0.0,347.87,14958.3,14,14958.3,4522.31,3130.83
23,nuevo,15,3999.0,799.0,320.0,5599.0,5,5599.0,2079.0,1759.0
26,nuevo,43,6399.0,1249.0,275.47,13094.03,9,13094.03,3452.76,2626.3500000000004
32,renovacion,43,5499.0,0.0,217.4,9348.3,19,9348.300000000001,3913.2000000000003,3261.0
39,renovacion,35,9099.0,0.0,428.95,15013.35,12,15013.35,4718.45,3860.5499999999997
40,nuevo,15,5799.0,1249.0,455.0,8073.96,1,8073.96,1249.0,1249.0
41,renovacion,15,9899.0,0.0,989.9,14848.5,1,14848.5,0.0,0.0
42,nuevo,43,3799.0,799.0,160.47,7699.02,19,7538.74,3526.99,3366.71
43,nuevo,43,3999.0,799.0,171.16,8159.02,10,8159.0199999999995,2339.44,2339.44
46,nuevo,35,3999.0,799.0,192.0,7519.0,14,7519.0,3295.0,2911.0
48,nuevo,26,3799.0,799.0,219.0,6499.0,25,6499.0,6055.0,799.0
59,nuevo,43,5299.0,999.0,230.0,10889.02,7,10659.02,2379.0,2609.0
61,nuevo,15,5799.0,1249.0,455.0,8073.96,16,8028.92,8028.92,7664.0
64,nuevo,43,8799.0,0.0,347.87,14958.3,4,14958.3,1043.6100000000001,0.0
66,nuevo,18,3999.0,799.0,302.22,6239.0,4,6239.0,1705.66,799.0
69,nuevo,43,5799.0,624.0,204.59,9421.5,8,9421.5,2056.13,624.0
71,nuevo,26,10999.0,0.0,676.86,17598.4,7,17598.4,4061.16,0.0
72,nuevo,35,5499.0,1249.0,255.0,10174.0,8,10174.0,3034.0,1249.0
74,nuevo,26,3999.0,799.0,233.85,6879.0,7,6879.0,2202.1,799.0
76,nuevo,10,4400.0,600.0,380.0,4400.0,6,4400.0,2500.0,600.0
77,nuevo,26,3999.0,799.0,233.85,6879.0,7,6879.0,2202.1,799.0
80,nuevo,26,5499.0,549.9,361.67,9953.19,10,9953.19,3804.9300000000003,549.9
81,nuevo,26,9099.0,0.0,559.94,14558.4,9,14558.400000000001,4479.52,0.0
89,nuevo,43,3799.0,799.0,160.47,7699.0,15,7699.0,3045.58,799.0
90,nuevo,15,3999.0,799.0,320.0,5599.0,16,5599.0,5599.0,799.0
91,nuevo,35,5299.0,999.0,258.0,10029.0,15,10029.0,4611.0,999.0
93,nuevo,43,5399.0,1249.0,221.98,10794.0,14,10794.0,4134.74,1249.0
96,nuevo,26,3799.0,799.0,219.23,6499.0,12,6499.0,3210.5299999999997,799.0
97,nuevo,12,2200.0,200.0,168.33,2220.0,13,2220.0,2220.0,200.0
100,nuevo,26,3799.0,799.0,219.23,6499.0,14,6499.0,3648.99,799.0
103,nuevo,15,5999.0,1250.0,474.9,8373.5,16,8373.5,8373.5,1250.0
104,nuevo,15,3999.0,799.0,320.0,5599.0,16,5599.0,5599.0,799.0
105,nuevo,43,3799.0,799.0,160.47,7699.0,16,7699.0,3206.05,799.0
109,nuevo,35,3999.0,799.0,192.0,7519.0,16,7519.0,3679.0,799.0
111,nuevo,18,3799.0,799.0,283.33,5899.0,18,5899.0,5615.61,799.0
113,nuevo,26,5799.0,999.0,350.77,10119.0,17,10119.0,6611.32,999.0
115,nuevo,15,3799.0,799.0,300.0,5299.0,16,5299.0,5299.0,799.0
116,nuevo,18,3999.0,799.0,302.22,6239.0,18,6239.0,5936.740000000001,799.0
123,nuevo,43,3799.0,799.0,160.47,7699.0,16,7699.0,3206.05,799.0
124,nuevo,35,5999.0,999.0,300.0,11499.0,16,11499.0,5499.0,999.0
125,nuevo,20,5899.0,624.5,263.73,5899.0,16,5899.0,4580.450000000001,624.5
126,nuevo,35,8799.0,1999.0,408.0,16279.0,16,16279.0,8119.0,1999.0
128,nuevo,15,6499.0,1249.5,524.95,9123.75,16,9123.75,9123.75,1249.5
130,nuevo,18,3799.0,799.0,283.33,5899.0,19,5899.0,5899.0,799.0
131,nuevo,35,3999.0,799.0,192.0,7519.0,19,7519.0,4255.0,799.0
132,nuevo,43,3799.0,799.0,160.47,7699.0,18,7699.0,3526.99,799.0
133,nuevo,15,3799.0,799.0,300.0,5299.0,16,5299.0,5299.0,799.0
140,nuevo,15,3799.0,799.0,300.0,5299.0,16,5299.0,5299.0,799.0
141,nuevo,18,3799.0,399.5,292.73,5668.73,19,5668.7300000000005,5668.7300000000005,399.5
142,nuevo,43,5299.0,999.0,230.0,10889.0,24,10889.0,6289.0,999.0
143,nuevo,35,5299.0,999.0,258.0,10029.0,24,10029.0,6933.0,999.0
145,nuevo,15,3799.0,799.0,300.0,5299.0,16,5299.0,5299.0,799.0
147,nuevo,43,5299.0,999.0,230.0,10889.0,25,10889.0,6519.0,999.0
148,nuevo,15,3799.0,799.0,300.0,5299.0,16,5299.0,5299.0,799.0
149,nuevo,15,3799.0,799.0,300.0,5299.0,16,5299.0,5299.0,799.0
150,nuevo,26,4099.0,999.0,226.54,6889.0,20,6889.0,5303.26,999.0
151,nuevo,20,9099.0,1249.5,392.48,9099.0,21,9099.0,9099.0,1249.5
154,nuevo,43,3799.0,799.0,160.47,7699.0,23,7699.0,4329.34,799.0
155,nuevo,35,5899.0,1249.0,279.0,11014.0,22,11014.0,7108.0,1249.0
156,nuevo,35,5799.0,1249.0,273.0,10804.0,22,10804.0,6982.0,1249.0
159,nuevo,15,4099.0,999.0,310.0,5649.0,16,5649.0,5649.0,999.0
162,nuevo,15,3799.0,799.0,300.0,5299.0,16,5299.0,5299.0,799.0
163,nuevo,43,3799.0,799.0,160.47,7699.0,25,7699.0,4650.28,799.0
164,nuevo,43,3799.0,799.0,160.47,7699.0,25,7699.0,4650.28,799.0
167,nuevo,35,5499.0,1249.0,255.0,10174.0,27,10174.0,7879.0,1249.0
168,nuevo,35,6099.0,1249.0,291.0,11434.0,27,11434.0,8815.0,1249.0
169,nuevo,15,5299.0,999.0,430.0,7449.0,16,7449.0,7449.0,999.0
170,nuevo,50,8133.0,0.0,162.66,8133.0,9,8133.0,1301.28,0.0
171,nuevo,20,6099.0,624.5,273.73,6099.0,21,6099.0,6099.0,624.5
172,nuevo,43,5299.0,999.0,230.0,10889.0,27,10889.0,6979.0,999.0
173,nuevo,15,5299.0,999.0,430.0,7449.0,16,7449.0,7449.0,999.0
174,nuevo,26,3799.0,399.5,209.2,5838.7,27,5838.7,5838.7,399.5
175,nuevo,26,5299.0,999.0,314.23,9169.0,25,9169.0,8540.52,999.0
176,nuevo,15,5299.0,999.0,430.0,7449.0,16,7449.0,7449.0,999.0
179,nuevo,15,5299.0,999.0,430.0,7449.0,16,7449.0,7449.0,999.0
180,nuevo,43,3799.0,799.0,160.47,7699.0,28,7699.0,5131.69,799.0
181,nuevo,43,5299.0,999.0,230.0,10889.0,28,10889.0,7209.0,999.0
182,nuevo,15,6299.0,1249.0,505.0,8824.0,16,8824.0,8824.0,1249.0
183,nuevo,15,3799.0,799.0,300.0,5299.0,16,5299.0,5299.0,799.0
184,nuevo,26,3699.0,799.0,211.92,6309.0,27,6309.0,6309.0,799.0
185,nuevo,35,3799.0,799.0,180.0,7099.0,30,7099.0,6019.0,799.0
186,nuevo,35,5799.0,1249.0,273.0,10804.0,28,10804.0,8620.0,1249.0
187,nuevo,26,3799.0,799.0,219.23,6499.0,27,6499.0,6499.0,799.0
188,nuevo,15,5299.0,999.0,430.0,7449.0,16,7449.0,7449.0,999.0
189,nuevo,26,3799.0,799.0,219.23,6499.0,27,6499.0,6499.0,799.0
191,nuevo,20,6499.0,0.0,324.95,6499.0,21,6499.0,6499.0,0.0
192,nuevo,20,3700.0,400.0,165.0,3700.0,21,3700.0,3700.0,400.0
193,nuevo,15,3799.0,799.0,300.0,5299.0,16,5299.0,5299.0,799.0
194,nuevo,20,3799.0,399.5,169.98,3799.0,21,3799.0,3799.0,399.5
195,nuevo,15,3799.0,399.5,339.95,5498.75,16,5498.75,5498.75,399.5
197,nuevo,43,3799.0,799.0,160.47,7699.0,32,7699.0,5773.57,799.0
198,nuevo,15,3799.0,799.0,300.0,5299.0,16,5299.0,5299.0,799.0
199,nuevo,43,3799.0,399.5,134.4,6178.65,32,6178.650000000001,4565.900000000001,399.5
205,nuevo,35,3799.0,799.0,180.0,7099.0,31,7099.0,6199.0,799.0
207,nuevo,20,8299.0,999.5,364.98,8299.0,21,8299.0,8299.0,999.5
209,nuevo,15,3799.0,399.5,339.95,5498.75,16,5498.75,5498.75,399.5
212,nuevo,35,6499.0,1249.0,315.0,12274.0,34,12274.0,11644.0,1249.0
213,nuevo,43,5299.0,999.0,230.0,10889.0,34,10889.0,8589.0,999.0
214,nuevo,43,5299.0,999.0,230.0,10889.0,34,10889.0,8589.0,999.0
215,nuevo,20,6599.0,624.5,298.73,6599.0,21,6599.0,6599.0,624.5
216,nuevo,15,5299.0,999.0,430.0,7449.0,16,7449.0,7449.0,999.0
217,nuevo,35,3799.0,799.0,180.0,7099.0,33,7099.0,6559.0,799.0
219,nuevo,43,7599.0,1000.0,153.47,7599.0,39,7599.0,6831.86,1000.0
220,nuevo,43,5299.0,999.0,230.0,10889.0,38,10889.0,9509.0,999.0
221,nuevo,43,8299.0,999.0,288.6,13409.0,37,13409.000000000002,11388.6,999.0
222,nuevo,35,3799.0,799.0,180.0,7099.0,36,7099.0,7099.0,799.0
223,nuevo,26,5299.0,999.0,314.23,9169.0,27,9169.0,9169.0,999.0
224,nuevo,20,5299.0,999.0,215.0,5299.0,21,5299.0,5299.0,999.0
228,nuevo,20,6499.0,750.0,287.45,6499.0,21,6499.0,6499.0,750.0
231,nuevo,26,9199.0,2499.0,489.62,15229.0,27,15229.0,15229.0,2499.0
233,nuevo,20,9199.0,1249.0,397.5,9199.0,21,9199.0,9199.0,1249.0
235,nuevo,26,5299.0,999.0,314.23,9169.0,27,9169.0,9169.0,999.0
238,nuevo,35,5299.0,999.0,258.0,10029.0,34,10029.0,9513.0,999.0
240,nuevo,26,6499.0,0.0,350.02,9100.55,1,9100.55,0.0,0.0
241,nuevo,13,7699.0,1720.0,678.06,10534.84,1,10534.84,1720.0,1720.0
242,nuevo,15,3999.0,799.0,320.0,5599.0,8,5599.0,3039.0,799.0
243,nuevo,43,3999.0,799.0,171.16,8159.0,6,8159.0,1654.8,799.0
244,nuevo,35,3999.0,799.0,192.0,7519.0,7,7519.0,1951.0,799.0
246,nuevo,35,3999.0,799.0,192.0,7519.0,7,7519.0,1951.0,799.0
247,nuevo,43,6399.0,624.5,228.29,10441.15,6,10441.15,1765.95,624.5
254,nuevo,35,3799.0,799.0,180.0,7099.0,10,7099.0,2419.0,799.0
255,nuevo,15,3999.0,799.0,320.0,5599.0,8,5599.0,3039.0,799.0
258,nuevo,35,3999.0,799.0,192.0,7519.0,6,7519.0,1759.0,799.0
261,nuevo,43,3799.0,379.9,182.88,8243.83,9,8243.83,1842.94,379.9
262,nuevo,43,3999.0,399.9,192.51,8677.83,10,8677.83,2132.49,399.9
265,nuevo,35,5999.0,599.9,323.95,11938.01,10,11938.01,3515.45,599.9
270,nuevo,35,3799.0,379.9,205.15,7560.01,10,7560.01,2226.25,379.9
273,nuevo,43,5999.0,599.9,288.79,13017.83,10,13017.830000000002,3199.01,599.9
274,nuevo,15,5399.0,539.9,485.91,7828.55,10,7828.55,4913.09,539.9
279,nuevo,15,5399.0,550.0,484.9,7823.5,10,7823.5,4914.099999999999,550.0
280,nuevo,43,9999.0,0.0,395.31,16998.3,11,16998.3,3953.1,0.0
283,nuevo,43,3999.0,360.0,194.64,8729.7,10,8729.699999999999,2111.7599999999998,360.0
286,nuevo,43,9099.0,909.9,438.02,19744.83,10,19744.829999999998,4852.08,909.9
289,nuevo,15,3799.0,799.0,300.0,5299.0,13,5299.0,4399.0,799.0
290,nuevo,26,5399.0,1249.0,303.27,9134.0,13,9134.0,4888.24,1249.0
291,nuevo,35,3799.0,799.0,180.0,7099.0,13,7099.0,2959.0,799.0
293,nuevo,43,3799.0,799.0,160.47,7699.0,13,7699.0,2724.64,799.0
295,nuevo,15,3799.0,799.0,300.0,5299.0,16,5299.0,5299.0,799.0
296,nuevo,35,3999.0,799.0,192.0,7519.0,16,7519.0,3679.0,799.0
299,nuevo,35,3799.0,399.5,160.26,6008.67,17,6008.67,2963.66,399.5
300,nuevo,15,4099.0,999.0,310.0,5649.0,16,5649.0,5649.0,999.0
302,nuevo,15,3799.0,799.0,300.0,5299.0,16,5299.0,5299.0,799.0
303,nuevo,26,6099.0,1249.0,354.42,10464.0,27,10464.0,10464.0,1249.0
304,nuevo,15,5299.0,999.0,430.0,7449.0,16,7449.0,7449.0,999.0
305,nuevo,43,6499.0,624.5,282.84,12786.48,34,12786.48,9958.22,624.5
306,nuevo,43,8499.0,500.0,186.02,8499.0,40,8499.0,7754.780000000001,500.0
307,nuevo,18,5299.0,999.0,406.11,8309.0,19,8309.0,8309.0,999.0
309,nuevo,35,5299.0,999.0,258.0,10029.0,35,10029.0,9771.0,999.0
311,nuevo,15,5299.0,999.0,430.0,7449.0,16,7449.0,7449.0,999.0
312,nuevo,15,3799.0,799.0,300.0,5299.0,16,5299.0,5299.0,799.0
313,nuevo,35,8299.0,999.0,344.14,13044.0,36,13044.0,13044.0,999.0
314,nuevo,26,3799.0,799.0,219.23,6499.0,27,6499.0,6499.0,799.0
315,nuevo,20,10099.0,1249.0,442.5,10099.0,21,10099.0,10099.0,1249.0
319,nuevo,43,5299.0,999.0,230.0,10889.0,39,10889.0,9739.0,999.0
320,nuevo,26,3799.0,799.0,219.23,6499.0,27,6499.0,6499.0,799.0
321,nuevo,35,10099.0,2600.0,449.94,18347.9,36,18347.9,18347.9,2600.0
324,nuevo,43,8299.0,999.0,144.3,7204.0,42,7204.000000000001,6915.3,999.0
325,nuevo,15,3799.0,799.0,300.0,5299.0,16,5299.0,5299.0,799.0
333,nuevo,26,3799.0,799.0,219.23,6499.0,27,6499.0,6499.0,799.0
334,nuevo,15,3799.0,799.0,300.0,5299.0,16,5299.0,5299.0,799.0
343,nuevo,26,6599.0,499.0,375.38,10259.0,27,10259.0,10259.0,499.0
348,nuevo,43,8599.0,1250.0,290.54,13743.3,44,13743.300000000001,13743.300000000001,1250.0
349,nuevo,15,6399.0,500.0,589.9,9348.5,16,9348.5,9348.5,500.0
353,nuevo,26,5599.0,1000.0,336.08,9738.1,27,9738.1,9738.1,1000.0
354,nuevo,20,6999.0,1000.0,299.95,6999.0,21,6999.0,6999.0,1000.0
355,nuevo,20,7699.0,1000.0,334.95,7699.0,21,7699.0,7699.0,1000.0
356,nuevo,26,6399.0,1500.0,358.0,10808.1,27,10808.1,10808.1,1500.0
361,nuevo,15,24000.0,4800.0,1920.0,33600.0,16,33600.0,33600.0,4800.0
362,nuevo,20,7199.0,500.0,334.95,7199.0,21,7199.0,7199.0,500.0
364,nuevo,43,6500.0,0.0,151.16,6500.0,44,6500.0,6500.0,0.0
365,nuevo,15,7199.0,2499.0,470.0,9549.0,16,9549.0,9549.0,2499.0
368,nuevo,26,5799.0,999.0,350.77,10119.0,27,10119.0,10119.0,999.0
369,nuevo,35,5799.0,1350.0,266.94,10692.9,36,10692.9,10692.9,1350.0
372,nuevo,35,3999.0,499.0,210.0,7849.0,36,7849.0,7849.0,499.0
375,nuevo,43,7199.0,499.0,264.88,11889.0,44,11889.0,11889.0,499.0
378,nuevo,15,3999.0,799.0,320.0,5599.0,16,5599.0,5599.0,799.0
379,nuevo,26,6399.0,1499.0,301.54,9339.0,27,9339.0,9339.0,1499.0
380,nuevo,35,6699.0,999.0,268.71,10404.0,36,10404.0,10404.0,999.0
382,nuevo,43,5799.0,300.0,217.4,9648.3,44,9648.300000000001,9648.300000000001,300.0
383,nuevo,20,6599.0,0.0,329.95,6599.0,21,6599.0,6599.0,0.0
384,nuevo,35,3999.0,499.0,165.0,6274.0,36,6274.0,6274.0,499.0
385,nuevo,35,7199.0,1499.0,268.71,10904.0,36,10904.0,10904.0,1499.0
386,nuevo,35,24500.0,6000.0,1110.0,44850.0,36,44850.0,44850.0,6000.0
389,nuevo,15,5799.0,1499.0,430.0,7949.0,16,7949.0,7949.0,1499.0
390,nuevo,15,7199.0,1999.0,520.0,9799.0,16,9799.0,9799.0,1999.0
392,nuevo,15,3999.0,799.0,320.0,5599.0,16,5599.0,5599.0,799.0
394,nuevo,43,3999.0,499.0,138.37,6449.0,44,6449.0,6449.0,499.0
395,nuevo,26,3999.0,799.0,233.85,6879.0,27,6879.0,6879.0,799.0
396,nuevo,35,7199.0,1499.0,268.71,10904.0,36,10904.0,10904.0,1499.0
397,nuevo,20,6700.0,810.0,294.5,6700.0,21,6700.0,6700.0,810.0
399,nuevo,26,7199.0,1499.0,350.77,10619.0,27,10619.0,10619.0,1499.0
400,nuevo,15,5199.0,1000.0,419.9,7298.5,16,7298.5,7298.5,1000.0
401,nuevo,20,9299.0,0.0,464.95,9299.0,21,9299.0,9299.0,0.0
403,nuevo,42,6799.0,999.0,262.38,12019.0,43,12019.0,12019.0,999.0
404,nuevo,26,7599.0,1499.0,398.85,11869.0,27,11869.0,11869.0,1499.0
405,nuevo,15,6299.0,1500.0,479.9,8698.5,16,8698.5,8698.5,1500.0
406,nuevo,26,6599.0,1249.0,349.81,10344.0,27,10344.0,10344.0,1249.0
407,nuevo,20,6000.0,1000.0,250.0,6000.0,21,6000.0,6000.0,1000.0
408,nuevo,10,2500.0,0.0,250.0,2500.0,11,2500.0,2500.0,0.0
409,nuevo,26,5499.0,999.0,294.23,8649.0,27,8649.0,8649.0,999.0
414,nuevo,20,7200.0,1800.0,270.0,7200.0,21,7200.0,7200.0,1800.0
417,nuevo,20,3999.0,749.0,162.5,3999.0,21,3999.0,3999.0,749.0
418,nuevo,15,8499.0,2499.0,600.0,11499.0,16,11499.0,11499.0,2499.0
419,nuevo,26,5499.0,499.0,326.92,8999.0,27,8999.0,8999.0,499.0
420,nuevo,35,6999.0,0.0,299.96,10498.5,36,10498.5,10498.5,0.0
421,nuevo,43,8999.0,1999.0,309.3,15299.0,44,15299.0,15299.0,1999.0
422,nuevo,15,6599.0,999.0,560.0,9399.0,16,9399.0,9399.0,999.0
423,nuevo,15,6599.0,999.0,560.0,9399.0,16,9399.0,9399.0,999.0
424,nuevo,26,5799.0,1249.0,297.5,8984.0,27,8984.0,8984.0,1249.0
425,nuevo,26,8799.0,1500.0,489.03,14214.86,27,14214.859999999999,14214.859999999999,1500.0
426,nuevo,26,7699.0,0.0,350.01,9100.22,27,9100.22,9100.22,0.0
427,nuevo,26,8799.0,0.0,492.01,12791.99,1,12791.99,0.0,0.0
430,nuevo,43,3799.0,799.0,160.47,7699.02,13,7697.71,2724.64,2565.48
431,nuevo,43,3799.0,799.0,160.47,7699.02,12,7698.87,2564.17,2403.85
443,nuevo,35,3799.0,799.0,180.0,7099.03,9,7099.03,2239.0,2239.0
444,nuevo,35,3799.0,799.0,180.0,7099.03,3,7099.03,1159.0,1159.0
445,renovacion,26,5799.0,0.0,356.86,9278.4,10,9278.4,3211.7400000000002,3211.7400000000002
458,nuevo,20,4299.0,999.0,165.0,4299.0,2,4299.0,1164.0,999.0
460,nuevo,35,6199.0,999.0,312.0,11919.0,2,11919.0,1311.0,999.0
461,nuevo,20,8399.0,1000.0,369.95,8399.0,7,8398.699999999999,3219.7,1000.0
462,nuevo,15,3999.0,799.0,320.0,5599.0,2,5599.0,1119.0,799.0
463,nuevo,15,3999.0,799.0,320.0,5599.0,10,5599.0,3679.0,799.0
464,nuevo,43,5799.0,1249.0,243.37,11714.0,8,11716.59,2952.59,1249.0
465,nuevo,15,6899.0,1200.0,569.9,9748.5,3,9748.5,2339.8,1200.0
466,nuevo,15,3999.0,800.0,319.9,5598.5,6,5598.0,2399.5,800.0
467,nuevo,35,4699.0,250.0,228.81,8258.2,17,8255.16,3910.96,250.0
468,nuevo,35,4699.0,250.0,228.81,8258.2,17,8255.16,3910.96,250.0
469,nuevo,20,10500.0,0.0,525.0,10500.0,6,10500.0,2625.0,0.0
470,nuevo,15,3999.0,799.0,320.0,5599.0,5,5599.0,2079.0,799.0
472,nuevo,35,3799.0,499.0,198.0,7429.0,5,7421.0,1291.0,499.0
473,nuevo,35,3799.0,499.0,198.0,7429.0,4,7423.0,1093.0,499.0
474,nuevo,20,7199.0,1000.0,309.95,7199.0,5,7198.8,2239.8,1000.0
475,nuevo,43,5799.0,748.0,270.12,12363.0,14,12364.56,4259.56,748.0
476,nuevo,43,5199.0,999.0,224.65,10659.0,10,10656.2,3020.85,999.0
477,nuevo,26,3999.0,799.0,233.85,6879.0,8,6884.95,2435.95,799.0
478,nuevo,43,7199.0,1499.0,304.88,14609.0,9,14608.4,3938.04,1499.0
479,nuevo,15,3999.0,799.0,320.0,5599.0,9,5599.0,3359.0,799.0
480,nuevo,26,3999.0,799.0,233.85,6879.0,5,6814.4,1734.4,799.0
481,nuevo,43,3999.0,799.0,171.16,8159.0,16,8146.4,3366.4,799.0
482,nuevo,43,6199.0,568.0,301.19,13519.3,25,13499.86,7796.5599999999995,568.0
484,nuevo,26,5599.0,1250.0,317.81,9513.1,13,9511.01,5063.72,1250.0
487,nuevo,35,3999.0,799.0,192.0,7519.0,10,7519.0,2527.0,799.0
489,nuevo,35,4199.0,499.0,174.43,6604.0,8,6604.0,1720.01,499.0
490,nuevo,20,6999.0,1500.0,274.95,6999.0,10,7007.55,3974.5499999999997,1500.0
491,nuevo,43,4999.0,499.0,240.7,10849.0,4,10848.1,1221.1,499.0
492,nuevo,43,4999.0,499.0,240.7,10849.0,4,10848.1,1221.1,499.0
493,nuevo,15,6199.0,1300.0,489.9,8648.5,9,8577.699999999999,5219.2,1300.0
495,nuevo,20,6999.0,1000.0,299.95,6999.0,12,6999.0,4299.45,1000.0
496,nuevo,15,3999.0,500.0,349.9,5748.5,6,5748.0,2249.5,500.0
497,nuevo,35,3999.0,799.0,192.0,7519.0,3,7519.0,1183.0,799.0
499,nuevo,35,6199.0,799.0,254.57,9709.0,3,9708.14,1308.1399999999999,799.0
500,nuevo,20,7999.0,1499.0,325.0,7999.0,6,7999.0,3124.0,1499.0
501,nuevo,26,5799.0,1300.0,328.77,9848.1,1,9848.1,1300.0,1300.0
503,nuevo,43,8299.0,999.0,280.12,13044.0,1,13044.0,999.0,999.0
504,nuevo,43,6499.0,1249.0,280.81,13324.0,4,13326.43,2091.43,1249.0
505,nuevo,43,5299.0,999.0,230.0,10889.0,2,10889.0,1229.0,999.0
506,nuevo,43,6499.0,1249.0,280.81,13324.0,44,13348.210000000001,13348.210000000001,1249.0
507,nuevo,20,6999.0,750.0,312.45,6999.0,3,6999.9,1374.9,750.0
509,nuevo,43,6199.0,1249.0,264.77,12634.0,6,12632.849999999999,2572.85,1249.0
511,nuevo,43,3799.0,799.0,160.47,7699.0,20,7699.0,3847.93,799.0
513,nuevo,35,6199.0,1249.0,297.0,11644.0,18,11644.0,6298.0,1249.0
515,nuevo,43,5299.0,999.0,230.0,10889.0,1,10889.0,999.0,999.0
517,nuevo,26,8299.0,999.0,449.23,12679.0,2,12678.23,1448.23,999.0
518,nuevo,26,8299.0,999.0,670.0,18418.99,4,18418.99,3009.0,999.0
522,nuevo,26,3999.0,799.0,233.85,6879.0,5,6862.849999999999,1734.4,1750.55
527,nuevo,35,6399.0,1249.0,309.0,12064.0,27,12064.0,9283.0,4957.0
528,nuevo,26,6399.0,1249.0,376.35,11034.0,25,11036.45,10281.400000000001,6894.25
529,nuevo,26,3999.0,799.0,233.85,6879.0,7,6878.25,2202.1,1266.85
530,nuevo,35,10999.0,600.0,490.24,17758.35,10,17744.27,5012.16,3550.24
531,nuevo,43,5499.0,1249.0,227.33,11024.0,39,10796.86,9660.210000000001,3488.32
532,nuevo,26,3799.0,799.0,219.23,6499.0,25,6279.75,5841.29,3464.38
533,nuevo,43,6399.0,639.9,308.05,13885.83,3,13885.880000000001,1256.0,947.95
534,nuevo,26,6499.0,1250.0,384.0,11223.1,27,11205.9,11205.9,4706.0
535,nuevo,35,8499.0,1999.0,390.0,15649.0,19,15639.0,9019.0,6679.0
536,nuevo,43,3799.0,799.0,160.0,7699.0,44,7713.57,7713.57,2099.0
537,nuevo,15,3999.0,399.5,359.95,5798.75,7,6098.5,2559.2,759.45
539,nuevo,43,3799.0,379.9,181.81,8197.83,21,8205.31,4016.1,2379.81
540,nuevo,43,3999.0,399.9,192.51,8677.83,20,8673.42,4057.5899999999997,2328.43
541,nuevo,43,5299.0,999.0,230.0,10889.0,44,10889.0,10889.0,2839.0
542,nuevo,35,5899.0,999.0,294.0,11289.0,30,11289.0,9525.0,4233.0
543,nuevo,35,5299.0,999.0,258.0,10029.0,7,10032.0,2547.0,999.0
544,nuevo,43,5899.0,624.5,208.53,9591.15,36,9578.93,7923.05,3337.74
545,nuevo,43,3799.0,379.9,182.88,8243.83,20,8229.57,3854.62,2591.58
546,nuevo,35,3799.0,799.0,180.0,7099.0,12,7009.0,2779.0,1897.0
547,nuevo,15,3999.0,799.0,320.0,5599.0,2,5599.0,1119.0,1119.0
548,nuevo,15,3799.0,799.0,300.0,5298.97,9,5298.97,3199.0,3199.0
550,nuevo,35,5999.0,1000.0,299.94,11497.9,19,11497.24,6398.92,3399.64
551,nuevo,43,9199.0,1249.0,314.3,14764.0,37,14770.9,12563.800000000001,4706.3
552,nuevo,43,3999.0,399.9,192.51,8677.83,10,8670.91,2132.49,785.41
553,nuevo,50,7738.0,0.0,154.76,7738.0,14,7736.32,2011.8799999999999,1393.8
554,nuevo,43,3799.0,799.0,160.0,7699.0,10,7701.82,2241.82,1279.0
555,nuevo,43,5999.0,599.9,288.79,13017.83,19,13028.410000000002,5798.120000000001,3199.01
556,nuevo,26,9099.0,1249.5,483.05,13808.7,27,13809.15,13809.15,5114.25
557,nuevo,26,3799.0,799.0,219.23,6499.0,9,6500.61,2552.84,799.0
558,renovacion,35,3999.0,0.0,188.52,6598.35,12,6597.870000000001,2073.7200000000003,2074.2000000000003
559,nuevo,20,5899.0,0.0,294.95,5899.0,17,5898.75,4719.2,589.95
560,nuevo,20,9099.0,0.0,454.95,9099.0,18,9099.0,7734.15,4094.5499999999997
561,nuevo,15,5799.0,999.0,480.0,8199.0,16,8209.0,8209.0,2929.0
562,nuevo,43,6399.0,639.9,308.05,13885.83,6,13882.03,2180.15,639.9
563,nuevo,43,9499.0,2499.0,374.42,18599.0,33,18588.56,14480.44,8117.04
564,nuevo,35,5999.0,1249.0,285.0,11224.0,26,11213.0,8374.0,4965.0
565,nuevo,43,5999.0,599.9,288.79,13017.83,14,13015.410000000002,4354.17,1757.48
566,nuevo,43,5299.0,999.0,230.0,10889.02,11,10889.02,3299.0,3299.0
567,nuevo,15,3799.0,799.0,300.0,5299.0,10,5299.0,3499.0,2899.0
568,nuevo,18,3799.0,799.0,283.33,5899.0,19,5686.95,5686.95,2578.36
569,nuevo,20,8199.0,0.0,409.95,8199.0,21,8229.6,8229.6,4540.05
570,nuevo,35,3799.0,799.0,180.0,7099.0,36,7099.0,7099.0,2959.0
571,nuevo,43,5999.0,599.9,288.79,13017.83,23,13015.730000000001,6953.280000000001,4067.27
572,nuevo,15,4999.0,999.0,400.0,6999.0,16,6999.0,6999.0,2599.0
575,nuevo,26,3799.0,399.5,209.2,5838.7,9,5838.7,2073.1,1236.3
576,nuevo,26,3799.0,379.9,249.86,6876.19,17,6875.84,4377.66,2379.2
577,nuevo,15,6399.0,1249.0,514.9,8972.45,16,8978.75,8978.75,4859.55
578,nuevo,26,9099.0,2000.0,518.77,15488.1,26,15498.88,14969.25,6150.16
579,nuevo,26,5299.0,999.0,314.23,9169.0,27,9250.27,9250.27,1394.52
580,nuevo,20,5399.0,624.5,238.73,5399.0,21,5160.37,5160.37,2057.42
581,nuevo,43,3799.0,799.0,160.47,7699.0,31,7699.88,5613.1,2243.76
582,nuevo,43,6499.0,1249.5,280.79,13323.35,25,13311.410000000002,7988.460000000001,4058.2400000000002
583,nuevo,43,5499.0,549.9,264.72,11932.83,16,11901.150000000001,4520.700000000001,1878.7800000000002
584,nuevo,43,5999.0,1249.0,254.07,12174.03,22,12173.02,6584.47,4298.7699999999995
585,nuevo,35,6099.0,1249.0,291.0,11434.05,20,11429.05,6778.0,5032.0
586,nuevo,43,5499.0,1249.0,227.33,11024.0,44,10944.37,10944.37,3522.3
587,nuevo,20,6999.0,624.5,318.75,6999.5,14,6996.02,4768.25,2858.0
588,nuevo,43,5299.0,999.0,230.0,10889.0,44,10889.0,10889.0,3529.0
589,nuevo,43,29680.0,0.0,690.23,29680.0,44,29686.9,29686.9,8289.77
590,nuevo,43,9499.0,1499.0,316.28,15099.0,44,14782.759999999998,14782.759999999998,2456.76
591,nuevo,43,7029.7,0.0,163.48,7029.7,20,7022.419999999999,3106.12,2294.44
592,nuevo,80,42342.0,0.0,529.28,42342.0,21,42229.049999999996,10585.599999999999,6890.0
593,nuevo,43,3799.0,799.0,160.47,7699.02,13,7699.0199999999995,2724.64,2403.7
594,nuevo,43,8199.0,819.9,394.75,17793.94,24,17813.34,9899.15,5952.65
595,nuevo,43,3799.0,799.0,160.47,7699.0,42,7538.74,7217.8,2898.5299999999997
596,nuevo,43,5499.0,1250.0,227.33,11025.0,44,10984.61,10984.61,3750.63
597,nuevo,43,3799.0,799.0,160.47,7699.0,44,7661.69,7661.69,1761.82
598,nuevo,26,5999.0,0.0,369.17,9598.4,19,9588.44,6645.06,3695.85
599,nuevo,35,3999.0,399.9,216.57,7979.9,26,7985.03,5814.15,3431.88
600,nuevo,26,4099.0,799.0,241.15,7069.0,27,6827.75,6827.75,3456.35
601,nuevo,43,6499.0,1250.0,280.76,13322.7,30,13335.619999999999,9392.039999999999,4057.6
602,nuevo,35,3799.0,799.0,180.0,7099.0,36,7099.0,7099.0,799.0
603,nuevo,43,6899.0,624.5,248.06,11291.15,36,11292.23,9306.6,4097.34
604,nuevo,26,3799.0,799.0,219.23,6499.0,22,6498.23,5402.83,3868.99
605,nuevo,15,3999.0,799.0,320.0,5599.0,16,5599.0,5599.0,4319.0
606,nuevo,15,3799.0,1000.0,279.9,5198.5,16,5200.099999999999,5200.099999999999,1841.5
607,nuevo,26,8799.0,879.9,578.7,15926.19,23,15930.29,13611.300000000001,7825.8
609,nuevo,43,5999.0,250.0,227.29,10023.67,15,10016.57,3432.06,1159.87
610,nuevo,43,3799.0,399.0,181.81,8216.95,25,8215.43,4762.4400000000005,2944.34
611,nuevo,15,3999.0,799.0,320.0,5598.97,16,5598.94,5598.94,3999.0
612,nuevo,26,3999.0,799.0,233.85,6879.0,20,6877.65,5242.15,4074.25
613,nuevo,35,3799.0,0.0,180.0,6300.0,20,6300.0,3420.0,720.0
614,nuevo,35,3999.0,799.0,192.0,7519.03,3,7519.03,1183.0,991.0
615,nuevo,26,10999.0,1249.5,599.97,16848.7,23,16848.34,14448.84,7849.26
617,nuevo,26,6499.0,1250.0,383.58,11223.1,25,10839.5,10072.34,5471.0599999999995
618,nuevo,35,8938.0,860.0,380.82,14188.7,24,14188.52,9618.86,3906.56
619,nuevo,43,6299.0,0.0,146.49,6299.0,44,6278.09,6278.09,273.02
620,nuevo,43,3999.0,399.9,192.51,8677.85,13,8682.439999999999,2710.02,977.43
621,nuevo,35,3799.0,379.9,205.15,7560.04,23,7561.24,4893.2,2841.7
622,nuevo,15,3799.0,400.0,340.0,5499.97,16,5499.94,5499.94,1760.0
623,nuevo,26,10499.0,0.0,584.62,15200.0,27,15200.5,15200.5,0.0
624,nuevo,26,8500.0,499.0,492.37,13300.6,27,13300.6,13300.6,499.0
625,nuevo,43,5499.0,999.0,240.7,11349.03,17,11351.13,4850.2,3646.7
626,nuevo,43,5499.0,999.0,240.7,11349.03,17,11351.83,4850.2,3646.7
627,nuevo,43,3799.0,800.0,134.38,6578.3,44,6452.599999999999,6452.599999999999,1614.92
628,nuevo,43,3799.0,380.0,183.0,8243.72,18,8240.64,3489.92,1846.0
629,nuevo,43,3799.0,799.0,160.47,7699.0,28,7693.24,5131.69,1923.35
630,nuevo,43,8699.0,1499.0,385.12,18059.0,44,18023.8,18023.8,4170.04
632,nuevo,26,3799.0,799.0,219.23,6499.0,27,6462.83,6462.83,1899.0
633,nuevo,15,3999.0,799.0,320.0,5599.0,13,5599.0,4639.0,3359.0
634,nuevo,15,3799.0,799.0,300.0,5299.0,14,5299.0,4699.0,3199.0
635,nuevo,43,3799.0,799.0,160.47,7699.0,32,7705.58,5773.57,2403.7
636,nuevo,43,7523.5,0.0,297.44,12789.95,20,12793.03,5651.36,2676.96
637,nuevo,15,3999.0,799.0,320.0,5598.97,16,5598.94,5598.94,3999.0
638,nuevo,35,5399.0,999.0,264.0,10239.0,23,10239.0,6807.0,2847.0
639,nuevo,43,3799.0,799.0,160.47,7699.0,27,7699.0,4971.22,2403.7
641,nuevo,15,6199.0,1249.0,495.0,8674.0,10,8669.0,5704.0,1749.0
642,nuevo,43,6599.0,300.0,249.03,11008.3,28,11008.63,7023.81,2541.27
643,nuevo,43,3799.0,799.0,160.47,7699.0,29,7708.87,5292.16,1761.82
644,nuevo,43,5899.0,624.5,208.53,9591.15,34,9596.57,7505.99,3126.86
645,nuevo,35,3799.0,799.0,180.0,7099.0,28,7099.0,5659.0,1159.0
646,nuevo,43,3799.0,799.0,160.47,7699.0,28,7685.75,5131.69,1765.0
647,nuevo,43,8910.0,1248.1,178.16,8909.1,44,8909.26,8909.26,2317.3399999999997
648,nuevo,43,3799.0,799.0,160.47,7699.02,10,7699.0199999999995,2243.23,2243.23
649,nuevo,43,3799.0,799.0,160.47,7699.0,36,7711.22,6415.45,1922.29
650,nuevo,15,3799.0,799.0,300.0,5299.0,16,5299.0,5299.0,2299.0
651,nuevo,43,9778.0,0.0,227.4,9778.0,37,9810.800000000001,8186.400000000001,2728.8
652,nuevo,35,3999.0,799.0,192.0,7519.0,18,7519.0,4063.0,991.0
653,nuevo,15,5499.0,549.9,494.91,7973.5,16,7966.83,7966.83,4019.63
654,nuevo,15,5599.0,1250.0,434.9,7773.5,15,7772.299999999999,7338.599999999999,1684.9
655,nuevo,26,3799.0,799.0,219.23,6499.0,27,6500.38,6500.38,1019.63
657,renovacion,26,8499.0,0.0,523.02,13598.4,4,13597.42,1569.06,1570.04
659,nuevo,35,3799.0,799.0,180.0,7099.0,12,7077.0,2779.0,1159.0
660,nuevo,35,3799.0,379.9,205.75,7580.98,9,7579.23,2025.9,1409.65
663,nuevo,15,3799.0,799.0,300.0,5299.0,3,5299.0,1399.0,799.0
664,nuevo,43,3799.0,799.0,160.47,7699.02,11,7699.0199999999995,2403.7,2403.7
665,nuevo,24,6000.0,0.0,250.0,6000.0,17,6000.0,4000.0,1500.0
669,renovacion,43,8299.0,0.0,348.45,14983.25,5,14983.25,1393.8,1393.8
670,nuevo,15,5999.0,1249.0,475.0,7499.0,9,7899.0,4574.0,4649.0
671,nuevo,26,3799.0,399.0,209.23,5839.0,26,5843.17,5629.75,399.0
672,nuevo,15,5899.0,1249.0,515.0,8224.0,1,8459.01,1249.0,1249.0
673,nuevo,15,3799.0,799.0,300.0,5299.0,14,5299.0,4699.0,1999.0
675,nuevo,43,5799.0,579.9,279.16,12583.86,7,12583.87,2254.86,1975.7
677,nuevo,43,3999.0,799.0,171.16,8159.02,1,8159.0199999999995,799.0,799.0
680,renovacion,35,8299.0,0.0,391.24,13693.35,8,13693.35,2738.6800000000003,2738.6800000000003
683,nuevo,43,5699.0,0.0,132.53,5699.0,8,5566.26,795.1800000000001,1065.59
688,nuevo,43,3999.0,799.0,171.16,8159.02,9,8159.0199999999995,2168.2799999999997,2168.2799999999997
694,renovacion,15,4999.0,0.0,499.9,7498.5,1,7498.5,0.0,0.0
695,nuevo,15,3799.0,380.0,341.9,5508.47,5,5508.07,1747.6,380.0
697,nuevo,15,3999.0,799.0,320.0,5599.0,9,5599.0,3359.0,3359.0
698,nuevo,43,6399.0,624.5,134.29,6399.0,10,6399.0,1833.11,1833.11
702,nuevo,43,5299.0,999.0,230.0,10889.0,44,10889.0,10889.0,2609.0
703,nuevo,41,5999.0,0.0,248.44,10186.0,3,10182.88,496.88,500.0
704,nuevo,15,3999.0,799.0,320.0,5599.0,7,5599.0,2719.0,2719.0
707,renovacion,43,9299.0,0.0,216.26,9299.0,8,9299.0,1513.82,1513.82
708,nuevo,20,6299.0,0.0,314.95,6299.0,1,6299.0,0.0,0.0
711,renovacion,35,8299.0,0.0,391.24,13693.35,7,13693.35,2347.44,2347.44
712,nuevo,20,6099.0,1099.0,250.0,6099.0,7,6099.0,2599.0,2099.0
713,renovacion,43,8999.0,0.0,355.77,15298.3,7,15297.84,2134.62,2135.08
714,renovacion,43,9299.0,0.0,216.26,9299.0,5,9299.0,865.04,865.04
716,renovacion,15,5499.0,0.0,549.9,8248.5,2,8248.5,549.9,549.9
717,nuevo,43,0.43,0.0,0.01,0.43,44,0.43,0.43,0.0
720,renovacion,35,8299.0,0.0,391.24,13693.35,7,13693.35,2347.44,2347.44
722,nuevo,43,7199.0,700.0,347.62,15647.7,44,15631.74,15631.74,700.0
723,renovacion,43,8299.0,0.0,328.1,14108.3,2,14108.300000000001,328.1,328.1
724,nuevo,43,5299.0,999.0,230.0,10889.02,5,10889.02,1919.0,1919.0
727,renovacion,43,5499.0,0.0,217.4,9348.3,5,9348.300000000001,869.6,869.6
730,renovacion,15,8799.0,0.0,879.9,13198.5,2,13198.5,879.9,879.9
732,nuevo,43,10999.0,0.0,255.79,10999.0,4,10999.0,767.37,767.37
733,nuevo,26,6399.0,624.5,355.35,9863.7,23,9854.6,8442.2,1690.5500000000002
734,nuevo,43,5499.0,1249.0,227.33,11024.0,5,11024.0,2158.32,2158.32
740,renovacion,15,6399.0,0.0,639.9,9598.5,3,9598.3,1279.8,1280.0
746,nuevo,39,5999.0,0.0,317.58,12385.55,2,12385.55,317.58,317.58
747,renovacion,43,8999.0,0.0,355.77,15298.3,2,15298.07,355.77,356.0
748,nuevo,15,3999.0,799.0,320.0,5599.0,1,5599.0,799.0,799.0
749,renovacion,43,6999.0,1249.0,133.72,6999.0,3,6999.0,1516.44,1516.44
751,renovacion,43,8999.0,0.0,355.77,15298.3,2,15298.3,355.77,355.77
752,renovacion,43,8299.0,0.0,328.1,14108.3,2,14108.300000000001,328.1,328.1
753,nuevo,35,5299.0,999.0,258.0,10029.04,1,10029.04,999.0,999.0
762,nuevo,15,5299.0,999.0,430.0,7448.96,2,7448.96,1429.0,1429.0
763,nuevo,43,9499.0,0.0,220.91,9499.0,1,9499.0,0.0,0.0
764,renovacion,43,8999.0,0.0,209.28,8999.0,1,8999.0,0.0,0.0
766,renovacion,15,9499.0,0.0,949.9,14248.5,2,14248.5,949.9,949.9
767,renovacion,26,6699.0,749.5,366.12,10268.7,1,10268.7,749.5,749.5
769,renovacion,43,9499.0,0.0,375.54,16148.3,1,16148.300000000001,0.0,0.0
772,nuevo,26,3999.0,799.0,233.85,6879.0,1,6879.0,799.0,799.0
