Folio,Cierre Esperado,Pagos Esperados,Pagos Realizados,Pagos Cubiertos,Avance Esperado,Avance Cumplido,Diferencia,Riesgo
503,1,44,1,2 %,100 %,0 %,"98,9 %",Extremo
515,1,44,1,2 %,100 %,0 %,"98,9 %",Extremo
501,1,27,1,4 %,100 %,0 %,"98,1 %",Extremo
708,1,21,1,5 %,100 %,0 %,"97,6 %",Extremo
40,1,16,1,6 %,100 %,0 %,"96,9 %",Extremo
41,1,16,1,6 %,100 %,0 %,"96,9 %",Extremo
505,1,44,2,5 %,100 %,2 %,"96,6 %",Extremo
241,1,14,1,7 %,100 %,0 %,"96,4 %",Extremo
460,1,36,2,6 %,100 %,3 %,"95,8 %",Extremo
517,1,27,2,7 %,100 %,4 %,"94,4 %",Extremo
497,1,36,3,8 %,100 %,6 %,"93,0 %",Extremo
499,1,36,3,8 %,100 %,6 %,"93,0 %",Extremo
458,1,21,2,10 %,100 %,5 %,"92,7 %",Extremo
491,1,44,4,9 %,100 %,7 %,"92,0 %",Extremo
492,1,44,4,9 %,100 %,7 %,"92,0 %",Extremo
504,1,44,4,9 %,100 %,7 %,"92,0 %",Extremo
462,1,16,2,13 %,100 %,7 %,"90,4 %",Extremo
473,1,36,4,11 %,100 %,9 %,"90,2 %",Extremo
507,1,21,3,14 %,100 %,10 %,"87,9 %",Extremo
509,1,44,6,14 %,100 %,12 %,"87,4 %",Extremo
472,1,36,5,14 %,100 %,11 %,"87,3 %",Extremo
518,1,27,4,15 %,100 %,12 %,"86,8 %",Extremo
465,1,16,3,19 %,100 %,13 %,"84,0 %",Extremo
663,1,16,3,19 %,100 %,13 %,"84,0 %",Extremo
480,1,27,5,19 %,100 %,15 %,"83,0 %",Extremo
464,1,44,8,18 %,100 %,16 %,"82,8 %",Extremo
66,1,19,4,21 %,100 %,17 %,"81,1 %",Extremo
478,1,44,9,20 %,100 %,19 %,"80,5 %",Extremo
489,1,36,8,22 %,100 %,20 %,"78,9 %",Peligro Muy Alto
476,1,44,10,23 %,100 %,21 %,"78,2 %",Peligro Muy Alto
474,1,21,5,24 %,100 %,20 %,"78,1 %",Peligro Muy Alto
547,0,14,2,14 %,87 %,8 %,"75,7 %",Peligro Muy Alto
487,1,36,10,28 %,100 %,26 %,"73,3 %",Peligro Muy Alto
469,1,21,6,29 %,100 %,25 %,"73,2 %",Peligro Muy Alto
500,1,21,6,29 %,100 %,25 %,"73,2 %",Peligro Muy Alto
477,1,27,8,30 %,100 %,27 %,"71,7 %",Peligro Muy Alto
470,1,16,5,31 %,100 %,27 %,"71,0 %",Peligro Muy Alto
695,1,16,5,31 %,100 %,27 %,"71,0 %",Peligro Muy Alto
475,1,44,14,32 %,100 %,30 %,"69,0 %",Peligro Muy Alto
461,1,21,7,33 %,100 %,30 %,"68,3 %",Peligro Muy Alto
557,1,27,9,33 %,100 %,31 %,"67,9 %",Peligro Muy Alto
466,1,16,6,38 %,100 %,33 %,"64,6 %",Peligro Muy Alto
496,1,16,6,38 %,100 %,33 %,"64,6 %",Peligro Muy Alto
481,1,44,16,36 %,100 %,35 %,"64,4 %",Peligro Muy Alto
81,0,26,9,35 %,96 %,31 %,"63,5 %",Peligro Muy Alto
74,0,24,7,29 %,88 %,23 %,"62,3 %",Peligro Muy Alto
77,0,24,7,29 %,88 %,23 %,"62,3 %",Peligro Muy Alto
672,0,12,2,17 %,73 %,6 %,"62,1 %",Peligro Muy Alto
80,0,26,10,38 %,96 %,35 %,"59,6 %",Peligro Muy Alto
240,0,17,1,6 %,62 %,0 %,"58,6 %",Peligro Muy Alto
427,0,17,1,6 %,62 %,0 %,"58,6 %",Peligro Muy Alto
96,1,27,12,44 %,100 %,42 %,"56,6 %",Peligro Muy Alto
543,0,28,7,25 %,77 %,17 %,"56,1 %",Peligro Muy Alto
511,1,44,20,45 %,100 %,44 %,"55,2 %",Peligro Muy Alto
694,0,10,1,10 %,60 %,0 %,"55,0 %",Peligro Muy Alto
537,1,16,7,44 %,100 %,48 %,"54,3 %",Peligro Muy Alto
490,1,21,10,48 %,100 %,45 %,"53,7 %",Peligro Muy Alto
467,1,36,17,47 %,100 %,46 %,"53,5 %",Peligro Muy Alto
468,1,36,17,47 %,100 %,46 %,"53,5 %",Peligro Muy Alto
71,0,22,7,32 %,81 %,23 %,"53,3 %",Peligro Muy Alto
290,1,27,13,48 %,100 %,46 %,"52,8 %",Peligro Muy Alto
484,1,27,13,48 %,100 %,46 %,"52,8 %",Peligro Muy Alto
242,1,16,8,50 %,100 %,47 %,"51,7 %",Peligro Muy Alto
255,1,16,8,50 %,100 %,47 %,"51,7 %",Peligro Muy Alto
513,1,36,18,50 %,100 %,49 %,"50,7 %",Peligro Muy Alto
100,1,27,14,52 %,100 %,50 %,"49,1 %",Peligro Alto
131,1,36,19,53 %,100 %,51 %,"47,9 %",Peligro Alto
76,1,11,6,55 %,100 %,50 %,"47,7 %",Peligro Alto
529,0,24,7,29 %,88 %,53 %,"47,5 %",Peligro Alto
17,0,19,2,11 %,51 %,0 %,"46,2 %",Peligro Alto
124,0,33,16,48 %,91 %,43 %,"45,8 %",Peligro Alto
126,0,33,16,48 %,91 %,43 %,"45,8 %",Peligro Alto
548,0,15,10,67 %,93 %,29 %,"45,7 %",Peligro Alto
479,1,16,9,56 %,100 %,53 %,"45,2 %",Peligro Alto
493,1,16,9,56 %,100 %,53 %,"45,2 %",Peligro Alto
495,1,21,12,57 %,100 %,55 %,"43,9 %",Peligro Alto
482,1,44,25,57 %,100 %,56 %,"43,7 %",Peligro Alto
299,0,33,17,52 %,91 %,46 %,"42,8 %",Peligro Alto
109,0,32,16,50 %,89 %,43 %,"42,1 %",Peligro Alto
296,0,32,16,50 %,89 %,43 %,"42,1 %",Peligro Alto
575,1,27,9,33 %,100 %,82 %,"42,1 %",Peligro Alto
91,0,31,15,48 %,86 %,40 %,"41,5 %",Peligro Alto
562,0,26,6,23 %,58 %,12 %,"40,8 %",Peligro Alto
23,1,16,5,31 %,100 %,88 %,"40,6 %",Peligro Alto
291,0,29,13,45 %,80 %,34 %,"40,4 %",Peligro Alto
614,0,21,3,14 %,57 %,20 %,"39,8 %",Muy Alto
533,0,26,3,12 %,58 %,26 %,"39,6 %",Muy Alto
155,1,36,22,61 %,100 %,60 %,"39,4 %",Muy Alto
156,1,36,22,61 %,100 %,60 %,"39,4 %",Muy Alto
265,0,26,10,38 %,71 %,26 %,"39,3 %",Muy Alto
270,0,26,10,38 %,71 %,26 %,"39,3 %",Muy Alto
172,1,44,27,61 %,100 %,60 %,"39,1 %",Muy Alto
244,0,23,7,30 %,63 %,17 %,"39,1 %",Muy Alto
246,0,23,7,30 %,63 %,17 %,"39,1 %",Muy Alto
72,0,24,8,33 %,66 %,20 %,"39,0 %",Muy Alto
274,1,16,10,63 %,100 %,60 %,"38,8 %",Muy Alto
279,1,16,10,63 %,100 %,60 %,"38,8 %",Muy Alto
463,1,16,10,63 %,100 %,60 %,"38,8 %",Muy Alto
113,1,27,17,63 %,100 %,62 %,"37,7 %",Muy Alto
163,0,42,25,60 %,95 %,56 %,"37,7 %",Muy Alto
164,0,42,25,60 %,95 %,56 %,"37,7 %",Muy Alto
142,0,41,24,59 %,93 %,53 %,"37,0 %",Muy Alto
180,1,44,28,64 %,100 %,63 %,"36,8 %",Muy Alto
181,1,44,28,64 %,100 %,63 %,"36,8 %",Muy Alto
154,0,40,23,58 %,91 %,51 %,"36,4 %",Muy Alto
254,0,25,10,40 %,69 %,26 %,"35,7 %",Muy Alto
258,0,21,6,29 %,57 %,14 %,"35,7 %",Muy Alto
147,0,41,25,61 %,93 %,56 %,"34,6 %",Muy Alto
143,1,36,24,67 %,100 %,66 %,"33,8 %",Muy Alto
132,0,35,18,51 %,79 %,40 %,"33,6 %",Muy Alto
123,0,33,16,48 %,74 %,35 %,"32,7 %",Muy Alto
652,0,32,18,56 %,89 %,56 %,"32,5 %",Muy Alto
554,0,33,10,30 %,74 %,54 %,"32,2 %",Muy Alto
64,0,20,4,20 %,44 %,7 %,"30,7 %",Muy Alto
444,0,16,3,19 %,43 %,6 %,"30,6 %",Muy Alto
105,0,32,16,50 %,72 %,35 %,"29,7 %",Alto
243,0,22,6,27 %,49 %,12 %,"29,4 %",Alto
247,0,22,6,27 %,49 %,12 %,"29,4 %",Alto
89,0,31,15,48 %,70 %,33 %,"29,3 %",Alto
93,0,30,14,47 %,67 %,30 %,"29,0 %",Alto
522,0,15,5,33 %,54 %,16 %,"28,9 %",Alto
69,0,24,8,33 %,53 %,16 %,"28,7 %",Alto
262,0,26,10,38 %,58 %,21 %,"28,4 %",Alto
273,0,26,10,38 %,58 %,21 %,"28,4 %",Alto
283,0,26,10,38 %,58 %,21 %,"28,4 %",Alto
286,0,26,10,38 %,58 %,21 %,"28,4 %",Alto
659,0,31,12,39 %,86 %,76 %,"28,4 %",Alto
261,0,26,9,35 %,58 %,25 %,"28,2 %",Alto
613,1,36,20,56 %,100 %,89 %,"27,7 %",Alto
197,1,44,32,73 %,100 %,72 %,"27,6 %",Alto
199,1,44,32,73 %,100 %,72 %,"27,6 %",Alto
150,1,27,20,74 %,100 %,73 %,"26,4 %",Alto
567,1,16,10,63 %,100 %,86 %,"25,9 %",Alto
293,0,28,13,46 %,63 %,28 %,"25,6 %",Alto
280,0,26,11,42 %,58 %,23 %,"25,4 %",Alto
167,1,36,27,75 %,100 %,74 %,"25,4 %",Alto
168,1,36,27,75 %,100 %,74 %,"25,4 %",Alto
170,0,26,9,35 %,50 %,16 %,"24,7 %",Alto
125,1,21,16,76 %,100 %,75 %,"24,4 %",Alto
552,0,27,10,37 %,60 %,36 %,"24,2 %",Alto
576,0,26,17,65 %,96 %,79 %,"23,9 %",Alto
213,1,44,34,77 %,100 %,77 %,"23,0 %",Alto
214,1,44,34,77 %,100 %,77 %,"23,0 %",Alto
305,1,44,34,77 %,100 %,77 %,"23,0 %",Alto
657,0,13,4,31 %,46 %,16 %,"22,8 %",Alto
712,1,21,7,33 %,100 %,121 %,"22,6 %",Alto
186,1,36,28,78 %,100 %,77 %,"22,5 %",Alto
716,0,7,2,29 %,40 %,7 %,"22,4 %",Alto
675,0,26,7,27 %,58 %,47 %,"21,4 %",Alto
592,0,62,21,34 %,76 %,77 %,"21,0 %",Alto
289,1,16,13,81 %,100 %,80 %,"19,4 %",Regular
677,0,11,1,9 %,23 %,0 %,"18,7 %",Regular
546,0,25,12,48 %,69 %,54 %,"17,6 %",Regular
660,0,26,9,35 %,71 %,73 %,"17,4 %",Regular
670,1,16,8,50 %,100 %,115 %,"17,4 %",Regular
185,1,36,30,83 %,100 %,83 %,"16,9 %",Regular
620,0,26,13,50 %,58 %,34 %,"16,2 %",Regular
221,1,44,37,84 %,100 %,84 %,"16,1 %",Regular
636,0,37,20,54 %,84 %,83 %,"15,2 %",Regular
609,0,28,15,54 %,63 %,43 %,"14,7 %",Regular
535,0,32,19,59 %,89 %,89 %,"14,2 %",Regular
205,1,36,31,86 %,100 %,86 %,"14,1 %",Regular
646,0,41,28,68 %,93 %,90 %,"14,0 %",Regular
220,1,44,38,86 %,100 %,86 %,"13,8 %",Regular
530,0,22,10,45 %,60 %,47 %,"13,6 %",Regular
643,1,44,29,66 %,100 %,108 %,"13,1 %",Regular
532,1,27,24,89 %,100 %,86 %,"12,7 %",Regular
638,0,32,23,72 %,89 %,80 %,"12,4 %",Regular
598,0,26,19,73 %,96 %,95 %,"12,4 %",Regular
531,1,44,39,89 %,100 %,87 %,"12,0 %",Regular
550,0,30,19,63 %,83 %,79 %,"11,6 %",Regular
219,1,44,39,89 %,100 %,88 %,"11,5 %",Regular
319,1,44,39,89 %,100 %,88 %,"11,5 %",Regular
629,0,40,28,70 %,91 %,89 %,"11,2 %",Regular
581,0,39,31,79 %,88 %,75 %,"11,1 %",Regular
565,0,26,14,54 %,58 %,41 %,"11,0 %",Regular
559,1,21,17,81 %,100 %,99 %,"9,9 %",Bajo
306,1,44,40,91 %,100 %,91 %,"9,2 %",Bajo
583,0,26,16,62 %,58 %,37 %,"9,1 %",Bajo
217,1,36,33,92 %,100 %,91 %,"8,5 %",Bajo
48,1,27,25,93 %,100 %,92 %,"7,5 %",Bajo
175,1,27,25,93 %,100 %,92 %,"7,5 %",Bajo
733,1,27,23,85 %,100 %,101 %,"7,1 %",Bajo
615,1,27,23,85 %,100 %,102 %,"6,6 %",Bajo
212,1,36,34,94 %,100 %,94 %,"5,6 %",Bajo
238,1,36,34,94 %,100 %,94 %,"5,6 %",Bajo
111,1,19,18,95 %,100 %,94 %,"5,4 %",Bajo
116,1,19,18,95 %,100 %,94 %,"5,4 %",Bajo
580,1,21,20,95 %,100 %,94 %,"5,2 %",Bajo
551,1,44,37,84 %,100 %,106 %,"5,0 %",Muy Bajo
607,0,26,23,88 %,96 %,94 %,"4,9 %",Muy Bajo
586,1,45,44,98 %,100 %,93 %,"4,8 %",Muy Bajo
324,1,44,42,95 %,100 %,95 %,"4,6 %",Muy Bajo
635,0,39,32,82 %,88 %,88 %,"3,5 %",Muy Bajo
651,1,44,37,84 %,100 %,109 %,"3,5 %",Muy Bajo
730,0,5,2,40 %,27 %,7 %,"3,3 %",Muy Bajo
597,1,44,44,100 %,100 %,94 %,"2,8 %",Muy Bajo
309,1,36,35,97 %,100 %,97 %,"2,8 %",Muy Bajo
645,1,36,28,78 %,100 %,118 %,"2,1 %",Muy Bajo
527,0,32,27,84 %,89 %,89 %,"2,1 %",Muy Bajo
649,1,44,36,82 %,100 %,115 %,"1,6 %",Muy Bajo
582,0,34,25,74 %,77 %,77 %,"1,4 %",Muy Bajo
611,1,16,16,100 %,100 %,97 %,"1,4 %",Muy Bajo
639,0,35,27,77 %,79 %,79 %,"0,8 %",Muy Bajo
642,0,35,28,80 %,79 %,77 %,"0,7 %",Muy Bajo
595,1,44,41,93 %,100 %,106 %,"0,6 %",Muy Bajo
542,0,33,30,91 %,91 %,91 %,"0,5 %",Muy Bajo
9,1,19,19,100 %,100 %,100 %,"0,0 %",Ninguno
90,1,16,16,100 %,100 %,100 %,"0,0 %",Ninguno
97,1,13,13,100 %,100 %,100 %,"0,0 %",Ninguno
103,1,16,16,100 %,100 %,100 %,"0,0 %",Ninguno
104,1,16,16,100 %,100 %,100 %,"0,0 %",Ninguno
115,1,16,16,100 %,100 %,100 %,"0,0 %",Ninguno
128,1,16,16,100 %,100 %,100 %,"0,0 %",Ninguno
133,1,16,16,100 %,100 %,100 %,"0,0 %",Ninguno
140,1,16,16,100 %,100 %,100 %,"0,0 %",Ninguno
141,1,19,19,100 %,100 %,100 %,"0,0 %",Ninguno
145,1,16,16,100 %,100 %,100 %,"0,0 %",Ninguno
148,1,16,16,100 %,100 %,100 %,"0,0 %",Ninguno
149,1,16,16,100 %,100 %,100 %,"0,0 %",Ninguno
151,1,21,21,100 %,100 %,100 %,"0,0 %",Ninguno
159,1,16,16,100 %,100 %,100 %,"0,0 %",Ninguno
162,1,16,16,100 %,100 %,100 %,"0,0 %",Ninguno
169,1,16,16,100 %,100 %,100 %,"0,0 %",Ninguno
171,1,21,21,100 %,100 %,100 %,"0,0 %",Ninguno
173,1,16,16,100 %,100 %,100 %,"0,0 %",Ninguno
174,1,27,27,100 %,100 %,100 %,"0,0 %",Ninguno
176,1,16,16,100 %,100 %,100 %,"0,0 %",Ninguno
179,1,16,16,100 %,100 %,100 %,"0,0 %",Ninguno
183,1,16,16,100 %,100 %,100 %,"0,0 %",Ninguno
184,1,27,27,100 %,100 %,100 %,"0,0 %",Ninguno
187,1,27,27,100 %,100 %,100 %,"0,0 %",Ninguno
188,1,16,16,100 %,100 %,100 %,"0,0 %",Ninguno
189,1,27,27,100 %,100 %,100 %,"0,0 %",Ninguno
191,1,21,21,100 %,100 %,100 %,"0,0 %",Ninguno
193,1,16,16,100 %,100 %,100 %,"0,0 %",Ninguno
194,1,21,21,100 %,100 %,100 %,"0,0 %",Ninguno
195,1,16,16,100 %,100 %,100 %,"0,0 %",Ninguno
198,1,16,16,100 %,100 %,100 %,"0,0 %",Ninguno
207,1,21,21,100 %,100 %,100 %,"0,0 %",Ninguno
209,1,16,16,100 %,100 %,100 %,"0,0 %",Ninguno
215,1,21,21,100 %,100 %,100 %,"0,0 %",Ninguno
216,1,16,16,100 %,100 %,100 %,"0,0 %",Ninguno
222,1,36,36,100 %,100 %,100 %,"0,0 %",Ninguno
223,1,27,27,100 %,100 %,100 %,"0,0 %",Ninguno
224,1,21,21,100 %,100 %,100 %,"0,0 %",Ninguno
228,1,21,21,100 %,100 %,100 %,"0,0 %",Ninguno
231,1,27,27,100 %,100 %,100 %,"0,0 %",Ninguno
233,1,21,21,100 %,100 %,100 %,"0,0 %",Ninguno
235,1,27,27,100 %,100 %,100 %,"0,0 %",Ninguno
295,1,16,16,100 %,100 %,100 %,"0,0 %",Ninguno
300,1,16,16,100 %,100 %,100 %,"0,0 %",Ninguno
302,1,16,16,100 %,100 %,100 %,"0,0 %",Ninguno
303,1,27,27,100 %,100 %,100 %,"0,0 %",Ninguno
304,1,16,16,100 %,100 %,100 %,"0,0 %",Ninguno
307,1,19,19,100 %,100 %,100 %,"0,0 %",Ninguno
311,1,16,16,100 %,100 %,100 %,"0,0 %",Ninguno
312,1,16,16,100 %,100 %,100 %,"0,0 %",Ninguno
313,1,36,36,100 %,100 %,100 %,"0,0 %",Ninguno
314,1,27,27,100 %,100 %,100 %,"0,0 %",Ninguno
315,1,21,21,100 %,100 %,100 %,"0,0 %",Ninguno
320,1,27,27,100 %,100 %,100 %,"0,0 %",Ninguno
321,1,36,36,100 %,100 %,100 %,"0,0 %",Ninguno
325,1,16,16,100 %,100 %,100 %,"0,0 %",Ninguno
333,1,27,27,100 %,100 %,100 %,"0,0 %",Ninguno
343,1,27,27,100 %,100 %,100 %,"0,0 %",Ninguno
348,1,44,44,100 %,100 %,100 %,"0,0 %",Ninguno
349,1,16,16,100 %,100 %,100 %,"0,0 %",Ninguno
353,1,27,27,100 %,100 %,100 %,"0,0 %",Ninguno
354,1,21,21,100 %,100 %,100 %,"0,0 %",Ninguno
355,1,21,21,100 %,100 %,100 %,"0,0 %",Ninguno
356,1,27,27,100 %,100 %,100 %,"0,0 %",Ninguno
361,1,16,16,100 %,100 %,100 %,"0,0 %",Ninguno
362,1,21,21,100 %,100 %,100 %,"0,0 %",Ninguno
364,1,44,44,100 %,100 %,100 %,"0,0 %",Ninguno
365,1,16,16,100 %,100 %,100 %,"0,0 %",Ninguno
368,1,27,27,100 %,100 %,100 %,"0,0 %",Ninguno
369,1,36,36,100 %,100 %,100 %,"0,0 %",Ninguno
372,1,36,36,100 %,100 %,100 %,"0,0 %",Ninguno
375,1,44,44,100 %,100 %,100 %,"0,0 %",Ninguno
378,1,16,16,100 %,100 %,100 %,"0,0 %",Ninguno
379,1,27,27,100 %,100 %,100 %,"0,0 %",Ninguno
380,1,36,36,100 %,100 %,100 %,"0,0 %",Ninguno
382,1,44,44,100 %,100 %,100 %,"0,0 %",Ninguno
383,1,21,21,100 %,100 %,100 %,"0,0 %",Ninguno
384,1,36,36,100 %,100 %,100 %,"0,0 %",Ninguno
385,1,36,36,100 %,100 %,100 %,"0,0 %",Ninguno
386,1,36,36,100 %,100 %,100 %,"0,0 %",Ninguno
389,1,16,16,100 %,100 %,100 %,"0,0 %",Ninguno
390,1,16,16,100 %,100 %,100 %,"0,0 %",Ninguno
392,1,16,16,100 %,100 %,100 %,"0,0 %",Ninguno
394,1,44,44,100 %,100 %,100 %,"0,0 %",Ninguno
395,1,27,27,100 %,100 %,100 %,"0,0 %",Ninguno
396,1,36,36,100 %,100 %,100 %,"0,0 %",Ninguno
397,1,21,21,100 %,100 %,100 %,"0,0 %",Ninguno
399,1,27,27,100 %,100 %,100 %,"0,0 %",Ninguno
400,1,16,16,100 %,100 %,100 %,"0,0 %",Ninguno
401,1,21,21,100 %,100 %,100 %,"0,0 %",Ninguno
403,1,43,43,100 %,100 %,100 %,"0,0 %",Ninguno
404,1,27,27,100 %,100 %,100 %,"0,0 %",Ninguno
405,1,16,16,100 %,100 %,100 %,"0,0 %",Ninguno
406,1,27,27,100 %,100 %,100 %,"0,0 %",Ninguno
407,1,21,21,100 %,100 %,100 %,"0,0 %",Ninguno
408,1,11,11,100 %,100 %,100 %,"0,0 %",Ninguno
409,1,27,27,100 %,100 %,100 %,"0,0 %",Ninguno
414,1,21,21,100 %,100 %,100 %,"0,0 %",Ninguno
417,1,21,21,100 %,100 %,100 %,"0,0 %",Ninguno
418,1,16,16,100 %,100 %,100 %,"0,0 %",Ninguno
419,1,27,27,100 %,100 %,100 %,"0,0 %",Ninguno
420,1,36,36,100 %,100 %,100 %,"0,0 %",Ninguno
421,1,44,44,100 %,100 %,100 %,"0,0 %",Ninguno
422,1,16,16,100 %,100 %,100 %,"0,0 %",Ninguno
423,1,16,16,100 %,100 %,100 %,"0,0 %",Ninguno
424,1,27,27,100 %,100 %,100 %,"0,0 %",Ninguno
425,1,27,27,100 %,100 %,100 %,"0,0 %",Ninguno
426,1,27,27,100 %,100 %,100 %,"0,0 %",Ninguno
506,1,44,44,100 %,100 %,100 %,"0,0 %",Ninguno
623,1,27,27,100 %,100 %,100 %,"0,0 %",Ninguno
624,1,27,27,100 %,100 %,100 %,"0,0 %",Ninguno
722,1,44,44,100 %,100 %,100 %,"0,0 %",Ninguno
703,0,9,3,33 %,20 %,6 %,"-0,1 %",Ninguno
596,1,44,44,100 %,100 %,100 %,"-0,2 %",Ninguno
602,1,36,36,100 %,100 %,100 %,"-0,2 %",Ninguno
61,1,16,16,100 %,100 %,101 %,"-0,5 %",Ninguno
622,1,16,16,100 %,100 %,101 %,"-0,5 %",Ninguno
578,1,27,26,96 %,100 %,105 %,"-0,6 %",Ninguno
59,0,16,7,44 %,35 %,28 %,"-0,8 %",Ninguno
534,1,27,27,100 %,100 %,102 %,"-0,8 %",Ninguno
26,0,19,9,47 %,42 %,39 %,"-1,1 %",Ninguno
647,1,44,44,100 %,100 %,103 %,"-1,3 %",Ninguno
723,0,7,2,29 %,14 %,2 %,"-1,5 %",Ninguno
14,0,19,11,58 %,51 %,48 %,"-1,6 %",Ninguno
553,0,26,14,54 %,50 %,49 %,"-1,6 %",Ninguno
564,0,30,26,87 %,83 %,82 %,"-1,7 %",Ninguno
644,0,37,34,92 %,84 %,80 %,"-2,4 %",Ninguno
633,1,16,13,81 %,100 %,124 %,"-2,5 %",Ninguno
619,1,44,44,100 %,100 %,106 %,"-2,8 %",Ninguno
130,1,19,19,100 %,100 %,106 %,"-3,2 %",Ninguno
748,0,3,1,33 %,13 %,0 %,"-3,3 %",Ninguno
641,1,16,10,63 %,100 %,145 %,"-3,6 %",Ninguno
603,0,38,36,95 %,86 %,85 %,"-3,7 %",Ninguno
528,0,25,25,100 %,92 %,92 %,"-3,8 %",Ninguno
671,1,27,26,96 %,100 %,112 %,"-3,9 %",Ninguno
445,0,15,10,67 %,54 %,49 %,"-3,9 %",Ninguno
579,1,27,27,100 %,100 %,108 %,"-4,1 %",Ninguno
560,1,21,18,86 %,100 %,123 %,"-4,3 %",Ninguno
600,1,27,27,100 %,100 %,109 %,"-4,4 %",Ninguno
627,1,44,44,100 %,100 %,109 %,"-4,7 %",Ninguno
544,0,38,36,95 %,86 %,87 %,"-4,7 %",Ninguno
604,0,23,22,96 %,85 %,83 %,"-4,7 %",Ninguno
628,0,26,18,69 %,58 %,56 %,"-4,7 %",Ninguno
570,1,36,36,100 %,100 %,110 %,"-5,1 %",Ninguno
704,0,9,7,78 %,53 %,40 %,"-5,6 %",Ninguno
601,0,34,30,88 %,77 %,76 %,"-5,6 %",Ninguno
556,1,27,27,100 %,100 %,112 %,"-5,8 %",Ninguno
541,1,44,44,100 %,100 %,113 %,"-6,5 %",Ninguno
569,1,21,21,100 %,100 %,114 %,"-7,1 %",Ninguno
593,0,21,13,62 %,47 %,46 %,"-7,2 %",Ninguno
669,0,11,5,45 %,23 %,16 %,"-7,3 %",Ninguno
555,0,26,19,73 %,58 %,58 %,"-7,5 %",Ninguno
577,1,16,16,100 %,100 %,116 %,"-8,1 %",Ninguno
621,0,26,23,88 %,71 %,71 %,"-8,5 %",Ninguno
605,1,16,16,100 %,100 %,117 %,"-8,6 %",Ninguno
606,1,16,16,100 %,100 %,117 %,"-8,6 %",Ninguno
617,1,27,24,89 %,100 %,129 %,"-8,7 %",Ninguno
545,0,26,20,77 %,58 %,57 %,"-9,1 %",Ninguno
39,0,18,12,67 %,49 %,49 %,"-9,3 %",Ninguno
540,0,26,20,77 %,58 %,58 %,"-9,4 %",Ninguno
536,1,44,44,100 %,100 %,120 %,"-10,1 %",Ninguno
588,1,44,44,100 %,100 %,122 %,"-10,8 %",Ninguno
702,1,44,44,100 %,100 %,122 %,"-10,8 %",Ninguno
43,0,17,10,59 %,37 %,37 %,"-10,8 %",Ninguno
539,0,26,21,81 %,58 %,59 %,"-12,0 %",Ninguno
563,0,33,33,100 %,74 %,75 %,"-13,3 %",Ninguno
612,0,20,20,100 %,73 %,74 %,"-13,7 %",Ninguno
599,0,26,26,100 %,71 %,71 %,"-14,3 %",Ninguno
571,0,26,23,88 %,58 %,58 %,"-15,0 %",Ninguno
630,1,44,44,100 %,100 %,131 %,"-15,6 %",Ninguno
655,1,27,27,100 %,100 %,131 %,"-15,7 %",Ninguno
697,0,10,9,90 %,60 %,62 %,"-16,0 %",Ninguno
18,0,19,14,74 %,42 %,43 %,"-16,6 %",Ninguno
594,0,26,24,92 %,58 %,57 %,"-16,8 %",Ninguno
618,1,36,24,67 %,100 %,167 %,"-16,8 %",Ninguno
683,0,11,7,64 %,23 %,19 %,"-17,9 %",Ninguno
584,0,24,22,92 %,53 %,51 %,"-18,1 %",Ninguno
46,0,17,14,82 %,46 %,45 %,"-18,1 %",Ninguno
585,0,21,20,95 %,57 %,57 %,"-19,0 %",Ninguno
561,1,16,16,100 %,100 %,139 %,"-19,5 %",Ninguno
610,0,26,25,96 %,58 %,59 %,"-19,7 %",Ninguno
431,0,16,12,75 %,35 %,35 %,"-19,9 %",Ninguno
637,1,16,16,100 %,100 %,140 %,"-20,0 %",Ninguno
653,1,16,16,100 %,100 %,141 %,"-20,5 %",Ninguno
625,0,20,17,85 %,44 %,45 %,"-20,9 %",Ninguno
626,0,20,17,85 %,44 %,45 %,"-20,9 %",Ninguno
753,0,2,1,50 %,3 %,0 %,"-22,1 %",Ninguno
714,0,8,5,63 %,16 %,15 %,"-22,3 %",Ninguno
443,0,12,9,75 %,31 %,33 %,"-22,6 %",Ninguno
430,0,16,13,81 %,35 %,35 %,"-23,0 %",Ninguno
590,1,44,43,98 %,100 %,150 %,"-23,9 %",Ninguno
648,0,13,10,77 %,28 %,27 %,"-24,0 %",Ninguno
740,0,4,3,75 %,20 %,13 %,"-24,2 %",Ninguno
591,0,21,20,95 %,47 %,47 %,"-24,7 %",Ninguno
566,0,14,11,79 %,30 %,32 %,"-25,2 %",Ninguno
587,1,21,14,67 %,100 %,184 %,"-25,5 %",Ninguno
724,0,7,5,71 %,14 %,11 %,"-27,1 %",Ninguno
572,1,16,16,100 %,100 %,156 %,"-28,1 %",Ninguno
746,0,3,2,67 %,5 %,1 %,"-28,6 %",Ninguno
32,0,19,19,100 %,42 %,42 %,"-29,1 %",Ninguno
632,1,27,27,100 %,100 %,159 %,"-29,7 %",Ninguno
42,0,18,18,100 %,40 %,40 %,"-30,2 %",Ninguno
747,0,3,2,67 %,5 %,4 %,"-30,7 %",Ninguno
192,1,21,21,100 %,100 %,164 %,"-32,1 %",Ninguno
664,0,12,11,92 %,26 %,25 %,"-32,7 %",Ninguno
711,0,8,7,88 %,20 %,19 %,"-33,3 %",Ninguno
650,1,16,16,100 %,100 %,169 %,"-34,3 %",Ninguno
558,0,12,12,100 %,31 %,32 %,"-34,5 %",Ninguno
673,1,16,14,88 %,100 %,182 %,"-34,7 %",Ninguno
732,0,5,4,80 %,9 %,8 %,"-34,9 %",Ninguno
688,0,10,9,90 %,21 %,22 %,"-34,9 %",Ninguno
717,0,14,14,100 %,30 %,30 %,"-34,9 %",Ninguno
713,0,8,7,88 %,16 %,15 %,"-35,1 %",Ninguno
698,0,10,10,100 %,21 %,21 %,"-39,5 %",Ninguno
680,0,8,8,100 %,20 %,20 %,"-40,2 %",Ninguno
720,0,7,7,100 %,17 %,17 %,"-41,4 %",Ninguno
707,0,8,8,100 %,16 %,17 %,"-42,2 %",Ninguno
762,0,2,2,100 %,7 %,0 %,"-43,3 %",Ninguno
734,0,5,5,100 %,9 %,9 %,"-45,0 %",Ninguno
727,0,5,5,100 %,9 %,9 %,"-45,3 %",Ninguno
749,0,2,2,100 %,2 %,1 %,"-48,3 %",Ninguno
182,1,16,16,100 %,100 %,197 %,"-48,6 %",Ninguno
752,0,2,2,100 %,2 %,2 %,"-48,8 %",Ninguno
751,0,2,2,100 %,2 %,3 %,"-49,0 %",Ninguno
568,1,19,19,100 %,100 %,198 %,"-49,2 %",Ninguno
763,0,1,1,100 %,0 %,0 %,"-50,0 %",Ninguno
764,0,1,1,100 %,0 %,0 %,"-50,0 %",Ninguno
766,0,1,1,100 %,0 %,0 %,"-50,0 %",Ninguno
767,0,1,1,100 %,0 %,0 %,"-50,0 %",Ninguno
769,0,1,1,100 %,0 %,0 %,"-50,0 %",Ninguno
772,0,1,1,100 %,0 %,0 %,"-50,0 %",Ninguno
589,1,44,44,100 %,100 %,201 %,"-50,5 %",Ninguno
334,1,16,16,100 %,100 %,228 %,"-63,8 %",Ninguno
634,1,16,14,88 %,100 %,249 %,"-68,0 %",Ninguno
665,1,25,17,68 %,100 %,268 %,"-68,2 %",Ninguno
654,1,16,15,94 %,100 %,461 %,"-177,4 %",Ninguno
