folio,pagos,plazos,precio,anticipo
9,19,18.0,3999.0,799.0
14,36,35.0,10999.0,0.0
17,36,35.0,10999.0,2499.0
18,44,43.0,8799.0,0.0
23,16,15.0,3999.0,799.0
26,44,43.0,6399.0,1249.0
32,44,43.0,5499.0,0.0
39,36,35.0,9099.0,0.0
40,16,15.0,5799.0,1249.0
41,16,15.0,9899.0,0.0
42,44,43.0,3799.0,799.0
43,44,43.0,3999.0,799.0
46,36,35.0,3999.0,799.0
48,27,26.0,3799.0,799.0
59,44,43.0,5299.0,999.0
61,16,15.0,5799.0,1249.0
64,44,43.0,8799.0,0.0
66,19,18.0,3999.0,799.0
69,44,43.0,5799.0,624.0
71,27,26.0,10999.0,0.0
72,36,35.0,5499.0,1249.0
74,27,26.0,3999.0,799.0
76,11,10.0,4400.0,600.0
77,27,26.0,3999.0,799.0
80,27,26.0,5499.0,549.9
81,27,26.0,9099.0,0.0
89,44,43.0,3799.0,799.0
90,16,15.0,3999.0,799.0
91,36,35.0,5299.0,999.0
93,44,43.0,5399.0,1249.0
96,27,26.0,3799.0,799.0
97,13,12.0,2200.0,200.0
100,27,26.0,3799.0,799.0
103,16,15.0,5999.0,1250.0
104,16,15.0,3999.0,799.0
105,44,43.0,3799.0,799.0
109,36,35.0,3999.0,799.0
111,19,18.0,3799.0,799.0
113,27,26.0,5799.0,999.0
115,16,15.0,3799.0,799.0
116,19,18.0,3999.0,799.0
123,44,43.0,3799.0,799.0
124,36,35.0,5999.0,999.0
125,21,20.0,5899.0,624.5
126,36,35.0,8799.0,1999.0
128,16,15.0,6499.0,1249.5
130,19,18.0,3799.0,799.0
131,36,35.0,3999.0,799.0
132,44,43.0,3799.0,799.0
133,16,15.0,3799.0,799.0
140,16,15.0,3799.0,799.0
141,19,18.0,3799.0,399.5
142,44,43.0,5299.0,999.0
143,36,35.0,5299.0,999.0
145,16,15.0,3799.0,799.0
147,44,43.0,5299.0,999.0
148,16,15.0,3799.0,799.0
149,16,15.0,3799.0,799.0
150,27,26.0,4099.0,999.0
151,21,20.0,9099.0,1249.5
154,44,43.0,3799.0,799.0
155,36,35.0,5899.0,1249.0
156,36,35.0,5799.0,1249.0
159,16,15.0,4099.0,999.0
162,16,15.0,3799.0,799.0
163,44,43.0,3799.0,799.0
164,44,43.0,3799.0,799.0
167,36,35.0,5499.0,1249.0
168,36,35.0,6099.0,1249.0
169,16,15.0,5299.0,999.0
170,51,50.0,8133.0,0.0
171,21,20.0,6099.0,624.5
172,44,43.0,5299.0,999.0
173,16,15.0,5299.0,999.0
174,27,26.0,3799.0,399.5
175,27,26.0,5299.0,999.0
176,16,15.0,5299.0,999.0
179,16,15.0,5299.0,999.0
180,44,43.0,3799.0,799.0
181,44,43.0,5299.0,999.0
182,16,15.0,6299.0,1249.0
183,16,15.0,3799.0,799.0
184,27,26.0,3699.0,799.0
185,36,35.0,3799.0,799.0
186,36,35.0,5799.0,1249.0
187,27,26.0,3799.0,799.0
188,16,15.0,5299.0,999.0
189,27,26.0,3799.0,799.0
191,21,20.0,6499.0,0.0
192,21,20.0,3700.0,400.0
193,16,15.0,3799.0,799.0
194,21,20.0,3799.0,399.5
195,16,15.0,3799.0,399.5
197,44,43.0,3799.0,799.0
198,16,15.0,3799.0,799.0
199,44,43.0,3799.0,399.5
205,36,35.0,3799.0,799.0
207,21,20.0,8299.0,999.5
209,16,15.0,3799.0,399.5
212,36,35.0,6499.0,1249.0
213,44,43.0,5299.0,999.0
214,44,43.0,5299.0,999.0
215,21,20.0,6599.0,624.5
216,16,15.0,5299.0,999.0
217,36,35.0,3799.0,799.0
219,44,43.0,7599.0,1000.0
220,44,43.0,5299.0,999.0
221,44,43.0,8299.0,999.0
222,36,35.0,3799.0,799.0
223,27,26.0,5299.0,999.0
224,21,20.0,5299.0,999.0
228,21,20.0,6499.0,750.0
231,27,26.0,9199.0,2499.0
233,21,20.0,9199.0,1249.0
235,27,26.0,5299.0,999.0
238,36,35.0,5299.0,999.0
240,27,26.0,6499.0,0.0
241,14,13.0,7699.0,1720.0
242,16,15.0,3999.0,799.0
243,44,43.0,3999.0,799.0
244,36,35.0,3999.0,799.0
246,36,35.0,3999.0,799.0
247,44,43.0,6399.0,624.5
254,36,35.0,3799.0,799.0
255,16,15.0,3999.0,799.0
258,36,35.0,3999.0,799.0
261,44,43.0,3799.0,379.9
262,44,43.0,3999.0,399.9
265,36,35.0,5999.0,599.9
270,36,35.0,3799.0,379.9
273,44,43.0,5999.0,599.9
274,16,15.0,5399.0,539.9
279,16,15.0,5399.0,550.0
280,44,43.0,9999.0,0.0
283,44,43.0,3999.0,360.0
286,44,43.0,9099.0,909.9
289,16,15.0,3799.0,799.0
290,27,26.0,5399.0,1249.0
291,36,35.0,3799.0,799.0
293,44,43.0,3799.0,799.0
295,16,15.0,3799.0,799.0
296,36,35.0,3999.0,799.0
299,36,35.0,3799.0,399.5
300,16,15.0,4099.0,999.0
302,16,15.0,3799.0,799.0
303,27,26.0,6099.0,1249.0
304,16,15.0,5299.0,999.0
305,44,43.0,6499.0,624.5
306,44,43.0,8499.0,500.0
307,19,18.0,5299.0,999.0
309,36,35.0,5299.0,999.0
311,16,15.0,5299.0,999.0
312,16,15.0,3799.0,799.0
313,36,35.0,8299.0,999.0
314,27,26.0,3799.0,799.0
315,21,20.0,10099.0,1249.0
319,44,43.0,5299.0,999.0
320,27,26.0,3799.0,799.0
321,36,35.0,10099.0,2600.0
324,44,43.0,8299.0,999.0
325,16,15.0,3799.0,799.0
333,27,26.0,3799.0,799.0
334,16,15.0,3799.0,799.0
343,27,26.0,6599.0,499.0
348,44,43.0,8599.0,1250.0
349,16,15.0,6399.0,500.0
353,27,26.0,5599.0,1000.0
354,21,20.0,6999.0,1000.0
355,21,20.0,7699.0,1000.0
356,27,26.0,6399.0,1500.0
361,16,15.0,24000.0,4800.0
362,21,20.0,7199.0,500.0
364,44,43.0,6500.0,0.0
365,16,15.0,7199.0,2499.0
368,27,26.0,5799.0,999.0
369,36,35.0,5799.0,1350.0
372,36,35.0,3999.0,499.0
375,44,43.0,7199.0,499.0
378,16,15.0,3999.0,799.0
379,27,26.0,6399.0,1499.0
380,36,35.0,6699.0,999.0
382,44,43.0,5799.0,300.0
383,21,20.0,6599.0,0.0
384,36,35.0,3999.0,499.0
385,36,35.0,7199.0,1499.0
386,36,35.0,24500.0,6000.0
389,16,15.0,5799.0,1499.0
390,16,15.0,7199.0,1999.0
392,16,15.0,3999.0,799.0
394,44,43.0,3999.0,499.0
395,27,26.0,3999.0,799.0
396,36,35.0,7199.0,1499.0
397,21,20.0,6700.0,810.0
399,27,26.0,7199.0,1499.0
400,16,15.0,5199.0,1000.0
401,21,20.0,9299.0,0.0
403,43,42.0,6799.0,999.0
404,27,26.0,7599.0,1499.0
405,16,15.0,6299.0,1500.0
406,27,26.0,6599.0,1249.0
407,21,20.0,6000.0,1000.0
408,11,10.0,2500.0,0.0
409,27,26.0,5499.0,999.0
414,21,20.0,7200.0,1800.0
417,21,20.0,3999.0,749.0
418,16,15.0,8499.0,2499.0
419,27,26.0,5499.0,499.0
420,36,35.0,6999.0,0.0
421,44,43.0,8999.0,1999.0
422,16,15.0,6599.0,999.0
423,16,15.0,6599.0,999.0
424,27,26.0,5799.0,1249.0
425,27,26.0,8799.0,1500.0
426,27,26.0,7699.0,0.0
427,27,26.0,8799.0,0.0
430,44,43.0,3799.0,799.0
431,44,43.0,3799.0,799.0
443,36,35.0,3799.0,799.0
444,36,35.0,3799.0,799.0
445,27,26.0,5799.0,0.0
458,21,20.0,4299.0,999.0
460,36,35.0,6199.0,999.0
461,21,20.0,8399.0,1000.0
462,16,15.0,3999.0,799.0
463,16,15.0,3999.0,799.0
464,44,43.0,5799.0,1249.0
465,16,15.0,6899.0,1200.0
466,16,15.0,3999.0,800.0
467,36,35.0,4699.0,250.0
468,36,35.0,4699.0,250.0
469,21,20.0,10500.0,0.0
470,16,15.0,3999.0,799.0
472,36,35.0,3799.0,499.0
473,36,35.0,3799.0,499.0
474,21,20.0,7199.0,1000.0
475,44,43.0,5799.0,748.0
476,44,43.0,5199.0,999.0
477,27,26.0,3999.0,799.0
478,44,43.0,7199.0,1499.0
479,16,15.0,3999.0,799.0
480,27,26.0,3999.0,799.0
481,44,43.0,3999.0,799.0
482,44,43.0,6199.0,568.0
484,27,26.0,5599.0,1250.0
487,36,35.0,3999.0,799.0
489,36,35.0,4199.0,499.0
490,21,20.0,6999.0,1500.0
491,44,43.0,4999.0,499.0
492,44,43.0,4999.0,499.0
493,16,15.0,6199.0,1300.0
495,21,20.0,6999.0,1000.0
496,16,15.0,3999.0,500.0
497,36,35.0,3999.0,799.0
499,36,35.0,6199.0,799.0
500,21,20.0,7999.0,1499.0
501,27,26.0,5799.0,1300.0
503,44,43.0,8299.0,999.0
504,44,43.0,6499.0,1249.0
505,44,43.0,5299.0,999.0
506,44,43.0,6499.0,1249.0
507,21,20.0,6999.0,750.0
509,44,43.0,6199.0,1249.0
511,44,43.0,3799.0,799.0
513,36,35.0,6199.0,1249.0
515,44,43.0,5299.0,999.0
517,27,26.0,8299.0,999.0
518,27,26.0,8299.0,999.0
522,27,26.0,3999.0,799.0
527,36,35.0,6399.0,1249.0
528,27,26.0,6399.0,1249.0
529,27,26.0,3999.0,799.0
530,36,35.0,10999.0,600.0
531,44,43.0,5499.0,1249.0
532,27,26.0,3799.0,799.0
533,44,43.0,6399.0,639.9
534,27,26.0,6499.0,1250.0
535,36,35.0,8499.0,1999.0
536,44,43.0,3799.0,799.0
537,16,15.0,3999.0,399.5
539,44,43.0,3799.0,379.9
540,44,43.0,3999.0,399.9
541,44,43.0,5299.0,999.0
542,36,35.0,5899.0,999.0
543,36,35.0,5299.0,999.0
544,44,43.0,5899.0,624.5
545,44,43.0,3799.0,379.9
546,36,35.0,3799.0,799.0
547,16,15.0,3999.0,799.0
548,16,15.0,3799.0,799.0
550,36,35.0,5999.0,1000.0
551,44,43.0,9199.0,1249.0
552,44,43.0,3999.0,399.9
553,51,50.0,7738.0,0.0
554,44,43.0,3799.0,799.0
555,44,43.0,5999.0,599.9
556,27,26.0,9099.0,1249.5
557,27,26.0,3799.0,799.0
558,36,35.0,3999.0,0.0
559,21,20.0,5899.0,0.0
560,21,20.0,9099.0,0.0
561,16,15.0,5799.0,999.0
562,44,43.0,6399.0,639.9
563,44,43.0,9499.0,2499.0
564,36,35.0,5999.0,1249.0
565,44,43.0,5999.0,599.9
566,44,43.0,5299.0,999.0
567,16,15.0,3799.0,799.0
568,19,18.0,3799.0,799.0
569,21,20.0,8199.0,0.0
570,36,35.0,3799.0,799.0
571,44,43.0,5999.0,599.9
572,16,15.0,4999.0,999.0
575,27,26.0,3799.0,399.5
576,27,26.0,3799.0,379.9
577,16,15.0,6399.0,1249.0
578,27,26.0,9099.0,2000.0
579,27,26.0,5299.0,999.0
580,21,20.0,5399.0,624.5
581,44,43.0,3799.0,799.0
582,44,43.0,6499.0,1249.5
583,44,43.0,5499.0,549.9
584,44,43.0,5999.0,1249.0
585,36,35.0,6099.0,1249.0
586,44,43.0,5499.0,1249.0
587,21,20.0,6999.0,624.5
588,44,43.0,5299.0,999.0
589,44,43.0,29680.0,0.0
590,44,43.0,9499.0,1499.0
591,44,43.0,7029.7,0.0
592,81,80.0,42342.0,0.0
593,44,43.0,3799.0,799.0
594,44,43.0,8199.0,819.9
595,44,43.0,3799.0,799.0
596,44,43.0,5499.0,1250.0
597,44,43.0,3799.0,799.0
598,27,26.0,5999.0,0.0
599,36,35.0,3999.0,399.9
600,27,26.0,4099.0,799.0
601,44,43.0,6499.0,1250.0
602,36,35.0,3799.0,799.0
603,44,43.0,6899.0,624.5
604,27,26.0,3799.0,799.0
605,16,15.0,3999.0,799.0
606,16,15.0,3799.0,1000.0
607,27,26.0,8799.0,879.9
609,44,43.0,5999.0,250.0
610,44,43.0,3799.0,399.0
611,16,15.0,3999.0,799.0
612,27,26.0,3999.0,799.0
613,36,35.0,3799.0,0.0
614,36,35.0,3999.0,799.0
615,27,26.0,10999.0,1249.5
617,27,26.0,6499.0,1250.0
618,36,35.0,8938.0,860.0
619,44,43.0,6299.0,0.0
620,44,43.0,3999.0,399.9
621,36,35.0,3799.0,379.9
622,16,15.0,3799.0,400.0
623,27,26.0,10499.0,0.0
624,27,26.0,8500.0,499.0
625,44,43.0,5499.0,999.0
626,44,43.0,5499.0,999.0
627,44,43.0,3799.0,800.0
628,44,43.0,3799.0,380.0
629,44,43.0,3799.0,799.0
630,44,43.0,8699.0,1499.0
632,27,26.0,3799.0,799.0
633,16,15.0,3999.0,799.0
634,16,15.0,3799.0,799.0
635,44,43.0,3799.0,799.0
636,44,43.0,7523.5,0.0
637,16,15.0,3999.0,799.0
638,36,35.0,5399.0,999.0
639,44,43.0,3799.0,799.0
641,16,15.0,6199.0,1249.0
642,44,43.0,6599.0,300.0
643,44,43.0,3799.0,799.0
644,44,43.0,5899.0,624.5
645,36,35.0,3799.0,799.0
646,44,43.0,3799.0,799.0
647,44,43.0,8910.0,1248.1
648,44,43.0,3799.0,799.0
649,44,43.0,3799.0,799.0
650,16,15.0,3799.0,799.0
651,44,43.0,9778.0,0.0
652,36,35.0,3999.0,799.0
653,16,15.0,5499.0,549.9
654,16,15.0,5599.0,1250.0
655,27,26.0,3799.0,799.0
657,27,26.0,8499.0,0.0
659,36,35.0,3799.0,799.0
660,36,35.0,3799.0,379.9
663,16,15.0,3799.0,799.0
664,44,43.0,3799.0,799.0
665,25,24.0,6000.0,0.0
669,44,43.0,8299.0,0.0
670,16,15.0,5999.0,1249.0
671,27,26.0,3799.0,399.0
672,16,15.0,5899.0,1249.0
673,16,15.0,3799.0,799.0
675,44,43.0,5799.0,579.9
677,44,43.0,3999.0,799.0
680,36,35.0,8299.0,0.0
683,44,43.0,5699.0,0.0
688,44,43.0,3999.0,799.0
694,16,15.0,4999.0,0.0
695,16,15.0,3799.0,380.0
697,16,15.0,3999.0,799.0
698,44,43.0,6399.0,624.5
702,44,43.0,5299.0,999.0
703,42,41.0,5999.0,0.0
704,16,15.0,3999.0,799.0
707,44,43.0,9299.0,0.0
708,21,20.0,6299.0,0.0
711,36,35.0,8299.0,0.0
712,21,20.0,6099.0,1099.0
713,44,43.0,8999.0,0.0
714,44,43.0,9299.0,0.0
716,16,15.0,5499.0,0.0
717,44,43.0,0.43,0.0
720,36,35.0,8299.0,0.0
722,44,43.0,7199.0,700.0
723,44,43.0,8299.0,0.0
724,44,43.0,5299.0,999.0
727,44,43.0,5499.0,0.0
730,16,15.0,8799.0,0.0
732,44,43.0,10999.0,0.0
733,27,26.0,6399.0,624.5
734,44,43.0,5499.0,1249.0
740,16,15.0,6399.0,0.0
746,40,39.0,5999.0,0.0
747,44,43.0,8999.0,0.0
748,16,15.0,3999.0,799.0
749,44,43.0,6999.0,1249.0
751,44,43.0,8999.0,0.0
752,44,43.0,8299.0,0.0
753,36,35.0,5299.0,999.0
762,16,15.0,5299.0,999.0
763,44,43.0,9499.0,0.0
764,44,43.0,8999.0,0.0
765,27,26.0,5799.0,0.0
766,16,15.0,9499.0,0.0
767,27,26.0,6699.0,749.5
769,44,43.0,9499.0,0.0
772,27,26.0,3999.0,799.0
779,44,43.0,5299.0,999.0
781,27,26.0,6499.0,0.0
784,44,43.0,6699.0,0.0
791,27,26.0,3999.0,799.0
